repo_name,file_path,file_type
next.js,.changeset/README.md,docs
next.js,.changeset/config.json,code
next.js,.changeset/dry-roses-nail.md,docs
next.js,.changeset/empty-paths-check.md,docs
next.js,.changeset/giant-bushes-sink.md,docs
next.js,.changeset/lemon-islands-care.md,docs
next.js,.changeset/loose-cows-pump.md,docs
next.js,.changeset/lovely-bulldogs-dress.md,docs
next.js,.changeset/open-dodos-admire.md,docs
next.js,.changeset/pretty-suns-watch.md,docs
next.js,.changeset/seven-seas-run.md,docs
next.js,.changeset/shaggy-owls-visit.md,docs
next.js,.changeset/shaggy-pears-tell.md,docs
next.js,.changeset/shy-impalas-add.md,docs
next.js,.changeset/silent-houses-lay.md,docs
next.js,.changeset/smooth-bears-run.md,docs
next.js,.changeset/spotty-hotels-train.md,docs
next.js,.changeset/swift-socks-find.md,docs
next.js,.changeset/tough-peaches-burn.md,docs
next.js,.changeset/tricky-planes-worry.md,docs
next.js,.github/workflows/build_and_deploy.yml,deps
next.js,.github/workflows/build_and_test.yml,deps
next.js,.github/workflows/force_merge_canary_release_pr.yml,deps
next.js,.github/workflows/integration_tests_reusable.yml,deps
next.js,.github/workflows/pull_request_stats.yml,deps
next.js,.github/workflows/retry_deploy_test.yml,deps
next.js,.github/workflows/test_e2e_deploy_release.yml,tests
next.js,.github/workflows/trigger_release_new.yml,deps
next.js,.prettierignore,code
next.js,Cargo.lock,deps
next.js,Cargo.toml,deps
next.js,apps/bundle-analyzer/README.md,docs
next.js,apps/bundle-analyzer/app/globals.css,code
next.js,apps/bundle-analyzer/app/layout.tsx,code
next.js,apps/bundle-analyzer/app/page.tsx,code
next.js,apps/bundle-analyzer/components.json,code
next.js,apps/bundle-analyzer/components/error-state.tsx,code
next.js,apps/bundle-analyzer/components/import-chain.tsx,code
next.js,apps/bundle-analyzer/components/index.ts,code
next.js,apps/bundle-analyzer/components/route-typeahead.tsx,code
next.js,apps/bundle-analyzer/components/theme-provider.tsx,code
next.js,apps/bundle-analyzer/components/treemap-visualizer.tsx,code
next.js,apps/bundle-analyzer/components/ui/button.tsx,code
next.js,apps/bundle-analyzer/components/ui/command.tsx,code
next.js,apps/bundle-analyzer/components/ui/dialog.tsx,code
next.js,apps/bundle-analyzer/components/ui/input.tsx,code
next.js,apps/bundle-analyzer/components/ui/popover.tsx,code
next.js,apps/bundle-analyzer/components/ui/skeleton.tsx,code
next.js,apps/bundle-analyzer/components/ui/toggle-group.tsx,code
next.js,apps/bundle-analyzer/lib/analyze-data.ts,code
next.js,apps/bundle-analyzer/lib/errors.ts,code
next.js,apps/bundle-analyzer/lib/layout-treemap.ts,code
next.js,apps/bundle-analyzer/lib/treemap-layout.ts,code
next.js,apps/bundle-analyzer/lib/types.ts,code
next.js,apps/bundle-analyzer/lib/utils.ts,code
next.js,apps/bundle-analyzer/next-env.d.ts,code
next.js,apps/bundle-analyzer/next.config.mjs,code
next.js,apps/bundle-analyzer/package.json,deps
next.js,apps/bundle-analyzer/postcss.config.mjs,code
next.js,apps/bundle-analyzer/styles/globals.css,code
next.js,apps/bundle-analyzer/tsconfig.json,code
next.js,bench/recursive-delete/README.md,docs
next.js,bench/recursive-delete/nodejs-rm.js,code
next.js,bench/recursive-delete/output.txt,docs
next.js,bench/recursive-delete/package.json,deps
next.js,bench/recursive-delete/recursive-delete.js,code
next.js,bench/recursive-delete/rimraf.js,code
next.js,bench/recursive-delete/run.sh,code
next.js,crates/napi/build.rs,code
next.js,crates/napi/src/lib.rs,code
next.js,crates/napi/src/lockfile.rs,code
next.js,crates/napi/src/mdx.rs,code
next.js,crates/napi/src/minify.rs,code
next.js,crates/napi/src/next_api/analyze.rs,code
next.js,crates/napi/src/next_api/endpoint.rs,code
next.js,crates/napi/src/next_api/mod.rs,code
next.js,crates/napi/src/next_api/project.rs,code
next.js,crates/napi/src/next_api/turbopack_ctx.rs,code
next.js,crates/napi/src/next_api/utils.rs,code
next.js,crates/napi/src/parse.rs,code
next.js,crates/napi/src/react_compiler.rs,code
next.js,crates/napi/src/rspack.rs,code
next.js,crates/napi/src/transform.rs,code
next.js,crates/napi/src/turbo_trace_server.rs,code
next.js,crates/napi/src/turbopack.rs,code
next.js,crates/napi/src/util.rs,code
next.js,crates/next-api/Cargo.toml,deps
next.js,crates/next-api/src/analyze.rs,code
next.js,crates/next-api/src/app.rs,code
next.js,crates/next-api/src/client_references.rs,code
next.js,crates/next-api/src/dynamic_imports.rs,code
next.js,crates/next-api/src/empty.rs,code
next.js,crates/next-api/src/font.rs,code
next.js,crates/next-api/src/instrumentation.rs,code
next.js,crates/next-api/src/lib.rs,code
next.js,crates/next-api/src/loadable_manifest.rs,code
next.js,crates/next-api/src/middleware.rs,code
next.js,crates/next-api/src/module_graph.rs,code
next.js,crates/next-api/src/next_server_nft.rs,code
next.js,crates/next-api/src/nft_json.rs,code
next.js,crates/next-api/src/pages.rs,code
next.js,crates/next-api/src/paths.rs,code
next.js,crates/next-api/src/project.rs,code
next.js,crates/next-api/src/route.rs,code
next.js,crates/next-api/src/server_actions.rs,code
next.js,crates/next-api/src/versioned_content_map.rs,code
next.js,crates/next-api/src/webpack_stats.rs,code
next.js,crates/next-core/src/app_structure.rs,code
next.js,crates/next-core/src/emit.rs,code
next.js,crates/next-core/src/hmr_entry.rs,code
next.js,crates/next-core/src/lib.rs,code
next.js,crates/next-core/src/middleware.rs,code
next.js,crates/next-core/src/mode.rs,code
next.js,crates/next-core/src/next_app/app_client_references_chunks.rs,code
next.js,crates/next-core/src/next_app/app_client_shared_chunks.rs,code
next.js,crates/next-core/src/next_app/app_route_entry.rs,code
next.js,crates/next-core/src/next_app/metadata/route.rs,code
next.js,crates/next-core/src/next_app/mod.rs,code
next.js,crates/next-core/src/next_client/context.rs,code
next.js,crates/next-core/src/next_client_reference/ecmascript_client_reference/ecmascript_client_reference_module.rs,code
next.js,crates/next-core/src/next_client_reference/mod.rs,code
next.js,crates/next-core/src/next_client_reference/visit_client_reference.rs,code
next.js,crates/next-core/src/next_config.rs,code
next.js,crates/next-core/src/next_dynamic/dynamic_module.rs,code
next.js,crates/next-core/src/next_edge/context.rs,code
next.js,crates/next-core/src/next_font/google/mod.rs,code
next.js,crates/next-core/src/next_font/issue.rs,code
next.js,crates/next-core/src/next_font/local/mod.rs,code
next.js,crates/next-core/src/next_font/local/options.rs,code
next.js,crates/next-core/src/next_font/local/request.rs,code
next.js,crates/next-core/src/next_font/local/stylesheet.rs,code
next.js,crates/next-core/src/next_import_map.rs,code
next.js,crates/next-core/src/next_manifests/client_reference_manifest.rs,code
next.js,crates/next-core/src/next_manifests/mod.rs,code
next.js,crates/next-core/src/next_route_matcher/all.rs,code
next.js,crates/next-core/src/next_route_matcher/mod.rs,code
next.js,crates/next-core/src/next_route_matcher/path_regex.rs,code
next.js,crates/next-core/src/next_route_matcher/prefix_suffix.rs,code
next.js,crates/next-core/src/next_server/context.rs,code
next.js,crates/next-core/src/next_server/resolve.rs,code
next.js,crates/next-core/src/next_server_component/server_component_module.rs,code
next.js,crates/next-core/src/next_server_utility/server_utility_module.rs,code
next.js,crates/next-core/src/next_shared/resolve.rs,code
next.js,crates/next-core/src/next_shared/webpack_rules/babel.rs,code
next.js,crates/next-core/src/page_loader.rs,code
next.js,crates/next-core/src/raw_ecmascript_module.rs,code
next.js,crates/next-core/src/segment_config.rs,code
next.js,crates/next-core/src/util.rs,code
next.js,crates/next-custom-transforms/src/transforms/named_import_transform.rs,code
next.js,crates/next-custom-transforms/src/transforms/react_server_components.rs,code
next.js,crates/next-custom-transforms/src/transforms/server_actions.rs,code
next.js,crates/next-custom-transforms/src/transforms/track_dynamic_imports.rs,code
next.js,crates/next-custom-transforms/tests/errors.rs,tests
next.js,crates/next-custom-transforms/tests/errors/react-server-components/client-graph/app-dir/cache-life/input.js,tests
next.js,crates/next-custom-transforms/tests/errors/react-server-components/client-graph/app-dir/cache-life/output.js,tests
next.js,crates/next-custom-transforms/tests/errors/react-server-components/client-graph/app-dir/cache-life/output.stderr,tests
next.js,crates/next-custom-transforms/tests/errors/react-server-components/client-graph/app-dir/cache-tag/input.js,tests
next.js,crates/next-custom-transforms/tests/errors/react-server-components/client-graph/app-dir/cache-tag/output.js,tests
next.js,crates/next-custom-transforms/tests/errors/react-server-components/client-graph/app-dir/cache-tag/output.stderr,tests
next.js,crates/next-custom-transforms/tests/errors/react-server-components/client-graph/app-dir/root-params/input.js,tests
next.js,crates/next-custom-transforms/tests/errors/react-server-components/client-graph/app-dir/root-params/output.js,tests
next.js,crates/next-custom-transforms/tests/errors/react-server-components/client-graph/app-dir/root-params/output.stderr,tests
next.js,crates/next-custom-transforms/tests/errors/react-server-components/client-graph/app-dir/server-only/input.js,tests
next.js,crates/next-custom-transforms/tests/errors/react-server-components/client-graph/app-dir/server-only/output.js,tests
next.js,crates/next-custom-transforms/tests/errors/react-server-components/client-graph/app-dir/server-only/output.stderr,tests
next.js,crates/next-custom-transforms/tests/errors/react-server-components/client-graph/cache-life/input.js,tests
next.js,crates/next-custom-transforms/tests/errors/react-server-components/client-graph/cache-life/output.js,tests
next.js,crates/next-custom-transforms/tests/errors/react-server-components/client-graph/cache-life/output.stderr,tests
next.js,crates/next-custom-transforms/tests/errors/react-server-components/client-graph/cache-tag/input.js,tests
next.js,crates/next-custom-transforms/tests/errors/react-server-components/client-graph/cache-tag/output.js,tests
next.js,crates/next-custom-transforms/tests/errors/react-server-components/client-graph/cache-tag/output.stderr,tests
next.js,crates/next-custom-transforms/tests/errors/react-server-components/client-graph/generate-metadata/page.js,tests
next.js,crates/next-custom-transforms/tests/errors/react-server-components/client-graph/get-server-side-props/page.js,tests
next.js,crates/next-custom-transforms/tests/errors/react-server-components/client-graph/get-static-props/page.js,tests
next.js,crates/next-custom-transforms/tests/errors/react-server-components/client-graph/metadata/page.js,tests
next.js,crates/next-custom-transforms/tests/errors/react-server-components/client-graph/multiple/page.js,tests
next.js,crates/next-custom-transforms/tests/errors/react-server-components/server-graph/cache-components/output.stderr,tests
next.js,crates/next-custom-transforms/tests/errors/react-server-components/server-graph/cache-components/page.js,tests
next.js,crates/next-custom-transforms/tests/errors/react-server-components/server-graph/generate-metadata/page.js,tests
next.js,crates/next-custom-transforms/tests/errors/react-server-components/server-graph/get-server-side-props/page.js,tests
next.js,crates/next-custom-transforms/tests/errors/react-server-components/server-graph/get-static-props/page.js,tests
next.js,crates/next-custom-transforms/tests/errors/react-server-components/server-graph/image-response/route.js,tests
next.js,crates/next-custom-transforms/tests/errors/react-server-components/server-graph/metadata-conflict/page.js,tests
next.js,crates/next-custom-transforms/tests/errors/react-server-components/server-graph/metadata/page.js,tests
next.js,crates/next-custom-transforms/tests/errors/react-server-components/server-graph/react-api/page.js,tests
next.js,crates/next-custom-transforms/tests/errors/react-server-components/server-graph/react-dom-api/page.js,tests
next.js,crates/next-custom-transforms/tests/errors/react-server-components/server-graph/react-dom-server-client/page.js,tests
next.js,crates/next-custom-transforms/tests/errors/react-server-components/server-graph/use-cache/page.js,tests
next.js,crates/next-custom-transforms/tests/errors/server-actions/server-graph/1/output.js,tests
next.js,crates/next-custom-transforms/tests/errors/server-actions/server-graph/12/output.stderr,tests
next.js,crates/next-custom-transforms/tests/errors/server-actions/server-graph/13/output.stderr,tests
next.js,crates/next-custom-transforms/tests/errors/server-actions/server-graph/16/output.stderr,tests
next.js,crates/next-custom-transforms/tests/errors/server-actions/server-graph/17/output.stderr,tests
next.js,crates/next-custom-transforms/tests/errors/server-actions/server-graph/2/output.js,tests
next.js,crates/next-custom-transforms/tests/errors/server-actions/server-graph/29/input.js,tests
next.js,crates/next-custom-transforms/tests/errors/server-actions/server-graph/29/output.js,tests
next.js,crates/next-custom-transforms/tests/errors/server-actions/server-graph/29/output.stderr,tests
next.js,crates/next-custom-transforms/tests/errors/server-actions/server-graph/30/input.js,tests
next.js,crates/next-custom-transforms/tests/errors/server-actions/server-graph/30/output.js,tests
next.js,crates/next-custom-transforms/tests/errors/server-actions/server-graph/30/output.stderr,tests
next.js,crates/next-custom-transforms/tests/errors/server-actions/server-graph/6/output.js,tests
next.js,crates/next-custom-transforms/tests/errors/server-actions/server-graph/8/output.js,tests
next.js,crates/next-custom-transforms/tests/errors/use-cache-not-allowed/1/output.stderr,tests
next.js,crates/next-custom-transforms/tests/errors/use-cache-not-allowed/2/output.stderr,tests
next.js,crates/next-custom-transforms/tests/fixture.rs,tests
next.js,crates/next-custom-transforms/tests/fixture/next-font-with-directive/use-cache/output.js,tests
next.js,crates/next-custom-transforms/tests/fixture/next-font-with-directive/use-server/output.js,tests
next.js,crates/next-custom-transforms/tests/fixture/react-server-components/client-graph/actions/input.js,tests
next.js,crates/next-custom-transforms/tests/fixture/react-server-components/client-graph/actions/output.js,tests
next.js,crates/next-custom-transforms/tests/fixture/react-server-components/client-graph/cache-life/input.js,tests
next.js,crates/next-custom-transforms/tests/fixture/react-server-components/client-graph/cache-life/output.js,tests
next.js,crates/next-custom-transforms/tests/fixture/react-server-components/client-graph/cache-tag/input.js,tests
next.js,crates/next-custom-transforms/tests/fixture/react-server-components/client-graph/cache-tag/output.js,tests
next.js,crates/next-custom-transforms/tests/fixture/server-actions/next.d.ts,tests
next.js,crates/next-custom-transforms/tests/fixture/server-actions/server-graph/10/output.js,tests
next.js,crates/next-custom-transforms/tests/fixture/server-actions/server-graph/11/output.js,tests
next.js,crates/next-custom-transforms/tests/fixture/server-actions/server-graph/12/output.js,tests
next.js,crates/next-custom-transforms/tests/fixture/server-actions/server-graph/13/output.js,tests
next.js,crates/next-custom-transforms/tests/fixture/server-actions/server-graph/14/output.js,tests
next.js,crates/next-custom-transforms/tests/fixture/server-actions/server-graph/15/output.js,tests
next.js,crates/next-custom-transforms/tests/fixture/server-actions/server-graph/17/output.js,tests
next.js,crates/next-custom-transforms/tests/fixture/server-actions/server-graph/2/output.js,tests
next.js,crates/next-custom-transforms/tests/fixture/server-actions/server-graph/20/output.js,tests
next.js,crates/next-custom-transforms/tests/fixture/server-actions/server-graph/22/output.js,tests
next.js,crates/next-custom-transforms/tests/fixture/server-actions/server-graph/26/output.js,tests
next.js,crates/next-custom-transforms/tests/fixture/server-actions/server-graph/27/output.js,tests
next.js,crates/next-custom-transforms/tests/fixture/server-actions/server-graph/29/output.js,tests
next.js,crates/next-custom-transforms/tests/fixture/server-actions/server-graph/3/output.js,tests
next.js,crates/next-custom-transforms/tests/fixture/server-actions/server-graph/31/output.js,tests
next.js,crates/next-custom-transforms/tests/fixture/server-actions/server-graph/33/output.js,tests
next.js,crates/next-custom-transforms/tests/fixture/server-actions/server-graph/34/output.js,tests
next.js,crates/next-custom-transforms/tests/fixture/server-actions/server-graph/35/output.js,tests
next.js,crates/next-custom-transforms/tests/fixture/server-actions/server-graph/36/output.js,tests
next.js,crates/next-custom-transforms/tests/fixture/server-actions/server-graph/37/output.js,tests
next.js,crates/next-custom-transforms/tests/fixture/server-actions/server-graph/38/output.js,tests
next.js,crates/next-custom-transforms/tests/fixture/server-actions/server-graph/39/input.js,tests
next.js,crates/next-custom-transforms/tests/fixture/server-actions/server-graph/39/output.js,tests
next.js,crates/next-custom-transforms/tests/fixture/server-actions/server-graph/4/output.js,tests
next.js,crates/next-custom-transforms/tests/fixture/server-actions/server-graph/40/output.js,tests
next.js,crates/next-custom-transforms/tests/fixture/server-actions/server-graph/41/output.js,tests
next.js,crates/next-custom-transforms/tests/fixture/server-actions/server-graph/42/input.js,tests
next.js,crates/next-custom-transforms/tests/fixture/server-actions/server-graph/42/output.js,tests
next.js,crates/next-custom-transforms/tests/fixture/server-actions/server-graph/43/output.js,tests
next.js,crates/next-custom-transforms/tests/fixture/server-actions/server-graph/44/output.js,tests
next.js,crates/next-custom-transforms/tests/fixture/server-actions/server-graph/45/output.js,tests
next.js,crates/next-custom-transforms/tests/fixture/server-actions/server-graph/46/output.js,tests
next.js,crates/next-custom-transforms/tests/fixture/server-actions/server-graph/47/output.js,tests
next.js,crates/next-custom-transforms/tests/fixture/server-actions/server-graph/48/output.js,tests
next.js,crates/next-custom-transforms/tests/fixture/server-actions/server-graph/49/output.js,tests
next.js,crates/next-custom-transforms/tests/fixture/server-actions/server-graph/50/output.js,tests
next.js,crates/next-custom-transforms/tests/fixture/server-actions/server-graph/51/output.js,tests
next.js,crates/next-custom-transforms/tests/fixture/server-actions/server-graph/52/output.js,tests
next.js,crates/next-custom-transforms/tests/fixture/server-actions/server-graph/53/output.js,tests
next.js,crates/next-custom-transforms/tests/fixture/server-actions/server-graph/54/output.js,tests
next.js,crates/next-custom-transforms/tests/fixture/server-actions/server-graph/55/output.js,tests
next.js,crates/next-custom-transforms/tests/fixture/server-actions/server-graph/57/output.js,tests
next.js,crates/next-custom-transforms/tests/fixture/server-actions/server-graph/58/output.js,tests
next.js,crates/next-custom-transforms/tests/fixture/server-actions/server-graph/59/output.js,tests
next.js,crates/next-custom-transforms/tests/fixture/server-actions/server-graph/60/output.ts,tests
next.js,crates/next-custom-transforms/tests/fixture/server-actions/server-graph/62/input.ts,tests
next.js,crates/next-custom-transforms/tests/fixture/server-actions/server-graph/62/output.ts,tests
next.js,crates/next-custom-transforms/tests/fixture/server-actions/server-graph/8/output.js,tests
next.js,crates/next-custom-transforms/tests/fixture/server-actions/server-graph/9/output.js,tests
next.js,crates/next-custom-transforms/tests/fixture/source-maps/server-graph/use-cache/1/output.js,tests
next.js,crates/next-custom-transforms/tests/fixture/source-maps/server-graph/use-cache/1/output.map,tests
next.js,docs/01-app/01-getting-started/01-installation.mdx,docs
next.js,docs/01-app/01-getting-started/02-project-structure.mdx,docs
next.js,docs/01-app/01-getting-started/03-layouts-and-pages.mdx,docs
next.js,docs/01-app/01-getting-started/05-server-and-client-components.mdx,docs
next.js,docs/01-app/01-getting-started/06-cache-components.mdx,docs
next.js,docs/01-app/01-getting-started/06-partial-prerendering.mdx,docs
next.js,docs/01-app/01-getting-started/07-fetching-data.mdx,docs
next.js,docs/01-app/01-getting-started/08-updating-data.mdx,docs
next.js,docs/01-app/01-getting-started/09-caching-and-revalidating.mdx,docs
next.js,docs/01-app/01-getting-started/14-metadata-and-og-images.mdx,docs
next.js,docs/01-app/01-getting-started/15-route-handlers.mdx,docs
next.js,docs/01-app/01-getting-started/16-proxy.mdx,docs
next.js,docs/01-app/01-getting-started/17-deploying.mdx,docs
next.js,docs/01-app/01-getting-started/18-upgrading.mdx,docs
next.js,docs/01-app/02-guides/authentication.mdx,docs
next.js,docs/01-app/02-guides/backend-for-frontend.mdx,docs
next.js,docs/01-app/02-guides/caching.mdx,docs
next.js,docs/01-app/02-guides/content-security-policy.mdx,docs
next.js,docs/01-app/02-guides/data-security.mdx,docs
next.js,docs/01-app/02-guides/debugging.mdx,docs
next.js,docs/01-app/02-guides/draft-mode.mdx,docs
next.js,docs/01-app/02-guides/incremental-static-regeneration.mdx,docs
next.js,docs/01-app/02-guides/internationalization.mdx,docs
next.js,docs/01-app/02-guides/local-development.mdx,docs
next.js,docs/01-app/02-guides/mcp.mdx,docs
next.js,docs/01-app/02-guides/memory-usage.mdx,docs
next.js,docs/01-app/02-guides/migrating/app-router-migration.mdx,docs
next.js,docs/01-app/02-guides/migrating/from-create-react-app.mdx,docs
next.js,docs/01-app/02-guides/migrating/from-vite.mdx,docs
next.js,docs/01-app/02-guides/multi-zones.mdx,docs
next.js,docs/01-app/02-guides/prefetching.mdx,docs
next.js,docs/01-app/02-guides/production-checklist.mdx,docs
next.js,docs/01-app/02-guides/redirecting.mdx,docs
next.js,docs/01-app/02-guides/self-hosting.mdx,docs
next.js,docs/01-app/02-guides/static-exports.mdx,docs
next.js,docs/01-app/02-guides/third-party-libraries.mdx,docs
next.js,docs/01-app/02-guides/upgrading/codemods.mdx,docs
next.js,docs/01-app/02-guides/upgrading/version-16.mdx,docs
next.js,docs/01-app/03-api-reference/01-directives/use-cache-private.mdx,docs
next.js,docs/01-app/03-api-reference/01-directives/use-cache-remote.mdx,docs
next.js,docs/01-app/03-api-reference/01-directives/use-cache.mdx,docs
next.js,docs/01-app/03-api-reference/02-components/link.mdx,docs
next.js,docs/01-app/03-api-reference/03-file-conventions/01-metadata/app-icons.mdx,docs
next.js,docs/01-app/03-api-reference/03-file-conventions/01-metadata/index.mdx,docs
next.js,docs/01-app/03-api-reference/03-file-conventions/01-metadata/opengraph-image.mdx,docs
next.js,docs/01-app/03-api-reference/03-file-conventions/01-metadata/sitemap.mdx,docs
next.js,docs/01-app/03-api-reference/03-file-conventions/dynamic-routes.mdx,docs
next.js,docs/01-app/03-api-reference/03-file-conventions/instrumentation.mdx,docs
next.js,docs/01-app/03-api-reference/03-file-conventions/layout.mdx,docs
next.js,docs/01-app/03-api-reference/03-file-conventions/loading.mdx,docs
next.js,docs/01-app/03-api-reference/03-file-conventions/middleware.mdx,docs
next.js,docs/01-app/03-api-reference/03-file-conventions/page.mdx,docs
next.js,docs/01-app/03-api-reference/03-file-conventions/parallel-routes.mdx,docs
next.js,docs/01-app/03-api-reference/03-file-conventions/proxy.mdx,docs
next.js,docs/01-app/03-api-reference/03-file-conventions/route-segment-config.mdx,docs
next.js,docs/01-app/03-api-reference/03-file-conventions/route.mdx,docs
next.js,docs/01-app/03-api-reference/03-file-conventions/src-folder.mdx,docs
next.js,docs/01-app/03-api-reference/03-file-conventions/template.mdx,docs
next.js,docs/01-app/03-api-reference/04-functions/after.mdx,docs
next.js,docs/01-app/03-api-reference/04-functions/cacheLife.mdx,docs
next.js,docs/01-app/03-api-reference/04-functions/cacheTag.mdx,docs
next.js,docs/01-app/03-api-reference/04-functions/connection.mdx,docs
next.js,docs/01-app/03-api-reference/04-functions/cookies.mdx,docs
next.js,docs/01-app/03-api-reference/04-functions/fetch.mdx,docs
next.js,docs/01-app/03-api-reference/04-functions/generate-metadata.mdx,docs
next.js,docs/01-app/03-api-reference/04-functions/generate-sitemaps.mdx,docs
next.js,docs/01-app/03-api-reference/04-functions/generate-static-params.mdx,docs
next.js,docs/01-app/03-api-reference/04-functions/headers.mdx,docs
next.js,docs/01-app/03-api-reference/04-functions/next-response.mdx,docs
next.js,docs/01-app/03-api-reference/04-functions/redirect.mdx,docs
next.js,docs/01-app/03-api-reference/04-functions/refresh.mdx,docs
next.js,docs/01-app/03-api-reference/04-functions/revalidatePath.mdx,docs
next.js,docs/01-app/03-api-reference/04-functions/revalidateTag.mdx,docs
next.js,docs/01-app/03-api-reference/04-functions/updateTag.mdx,docs
next.js,docs/01-app/03-api-reference/04-functions/use-pathname.mdx,docs
next.js,docs/01-app/03-api-reference/04-functions/use-router.mdx,docs
next.js,docs/01-app/03-api-reference/04-functions/use-search-params.mdx,docs
next.js,docs/01-app/03-api-reference/04-functions/userAgent.mdx,docs
next.js,docs/01-app/03-api-reference/05-config/01-next-config-js/adapterPath.mdx,docs
next.js,docs/01-app/03-api-reference/05-config/01-next-config-js/cacheComponents.mdx,docs
next.js,docs/01-app/03-api-reference/05-config/01-next-config-js/cacheHandlers.mdx,docs
next.js,docs/01-app/03-api-reference/05-config/01-next-config-js/cacheLife.mdx,docs
next.js,docs/01-app/03-api-reference/05-config/01-next-config-js/devIndicators.mdx,docs
next.js,docs/01-app/03-api-reference/05-config/01-next-config-js/eslint.mdx,docs
next.js,docs/01-app/03-api-reference/05-config/01-next-config-js/headers.mdx,docs
next.js,docs/01-app/03-api-reference/05-config/01-next-config-js/incrementalCacheHandlerPath.mdx,docs
next.js,docs/01-app/03-api-reference/05-config/01-next-config-js/index.mdx,docs
next.js,docs/01-app/03-api-reference/05-config/01-next-config-js/mdxRs.mdx,docs
next.js,docs/01-app/03-api-reference/05-config/01-next-config-js/pageExtensions.mdx,docs
next.js,docs/01-app/03-api-reference/05-config/01-next-config-js/ppr.mdx,docs
next.js,docs/01-app/03-api-reference/05-config/01-next-config-js/proxyClientMaxBodySize.mdx,docs
next.js,docs/01-app/03-api-reference/05-config/01-next-config-js/reactCompiler.mdx,docs
next.js,docs/01-app/03-api-reference/05-config/01-next-config-js/redirects.mdx,docs
next.js,docs/01-app/03-api-reference/05-config/01-next-config-js/rewrites.mdx,docs
next.js,docs/01-app/03-api-reference/05-config/01-next-config-js/sassOptions.mdx,docs
next.js,docs/01-app/03-api-reference/05-config/01-next-config-js/turbopack.mdx,docs
next.js,docs/01-app/03-api-reference/05-config/01-next-config-js/useCache.mdx,docs
next.js,docs/01-app/03-api-reference/05-config/01-next-config-js/webpack.mdx,docs
next.js,docs/01-app/03-api-reference/05-config/02-typescript.mdx,docs
next.js,docs/01-app/03-api-reference/05-config/03-eslint.mdx,docs
next.js,docs/01-app/03-api-reference/06-cli/create-next-app.mdx,docs
next.js,docs/01-app/03-api-reference/06-cli/next.mdx,docs
next.js,docs/01-app/03-api-reference/07-edge.mdx,docs
next.js,docs/01-app/03-api-reference/08-turbopack.mdx,docs
next.js,docs/02-pages/02-guides/internationalization.mdx,docs
next.js,docs/02-pages/03-building-your-application/01-routing/03-linking-and-navigating.mdx,docs
next.js,docs/02-pages/03-building-your-application/01-routing/07-api-routes.mdx,docs
next.js,docs/02-pages/03-building-your-application/03-data-fetching/01-get-static-props.mdx,docs
next.js,docs/02-pages/04-api-reference/02-file-conventions/middleware.mdx,docs
next.js,docs/02-pages/04-api-reference/02-file-conventions/proxy.mdx,docs
next.js,docs/02-pages/04-api-reference/04-config/01-next-config-js/eslint.mdx,docs
next.js,docs/02-pages/04-api-reference/04-config/01-next-config-js/proxyClientMaxBodySize.mdx,docs
next.js,docs/03-architecture/fast-refresh.mdx,docs
next.js,docs/app/api-reference/components/link,docs
next.js,errors/app-static-to-dynamic-error.mdx,code
next.js,errors/beta-middleware.mdx,code
next.js,errors/blocking-route.mdx,code
next.js,errors/cache-bypass-in-dev.mdx,code
next.js,errors/deleting-query-params-in-middlewares.mdx,code
next.js,errors/deleting-query-params-in-proxy.mdx,code
next.js,errors/edge-dynamic-code-evaluation.mdx,code
next.js,errors/empty-generate-static-params.mdx,code
next.js,errors/gssp-no-mutating-res.mdx,code
next.js,errors/invalid-next-config.mdx,code
next.js,errors/invalid-route-source.mdx,code
next.js,errors/middleware-dynamic-wasm-compilation.mdx,code
next.js,errors/middleware-new-signature.mdx,code
next.js,errors/middleware-parse-user-agent.mdx,code
next.js,errors/middleware-relative-urls.mdx,code
next.js,errors/middleware-request-page.mdx,code
next.js,errors/middleware-to-proxy.mdx,code
next.js,errors/middleware-user-agent.mdx,code
next.js,errors/missing-suspense-with-csr-bailout.mdx,code
next.js,errors/nested-middleware.mdx,code
next.js,errors/nested-proxy.mdx,code
next.js,errors/next-prerender-dynamic-metadata.mdx,code
next.js,errors/next-prerender-dynamic-viewport.mdx,code
next.js,errors/next-prerender-missing-suspense.mdx,code
next.js,errors/next-prerender-runtime-crypto.mdx,code
next.js,errors/next-prerender-runtime-current-time.mdx,code
next.js,errors/next-prerender-runtime-random.mdx,code
next.js,errors/next-response-next-in-app-route-handler.mdx,code
next.js,errors/no-server-import-in-page.mdx,code
next.js,errors/node-module-in-edge-runtime.mdx,code
next.js,errors/proxy-dynamic-wasm-compilation.mdx,code
next.js,errors/proxy-new-signature.mdx,code
next.js,errors/proxy-parse-user-agent.mdx,code
next.js,errors/proxy-relative-urls.mdx,code
next.js,errors/proxy-request-page.mdx,code
next.js,errors/proxy-user-agent.mdx,code
next.js,errors/returning-response-body-in-middleware.mdx,code
next.js,errors/sync-dynamic-apis.mdx,code
next.js,eslint.config.mjs,code
next.js,examples/basic-css/tsconfig.json,code
next.js,examples/hello-world/tsconfig.json,code
next.js,examples/with-supabase/README.md,docs
next.js,examples/with-supabase/app/auth/error/page.tsx,code
next.js,examples/with-supabase/app/page.tsx,code
next.js,examples/with-supabase/app/protected/layout.tsx,code
next.js,examples/with-supabase/app/protected/page.tsx,code
next.js,examples/with-supabase/lib/supabase/proxy.ts,code
next.js,examples/with-supabase/lib/supabase/server.ts,code
next.js,examples/with-supabase/next.config.ts,code
next.js,examples/with-supabase/package.json,deps
next.js,examples/with-supabase/proxy.ts,code
next.js,examples/with-supabase/tsconfig.json,code
next.js,examples/with-turbopack/app/page.tsx,code
next.js,examples/with-turbopack/tsconfig.json,code
next.js,jest.config.js,code
next.js,lerna.json,code
next.js,package.json,deps
next.js,packages/create-next-app/index.ts,code
next.js,packages/create-next-app/package.json,deps
next.js,packages/create-next-app/templates/index.ts,code
next.js,packages/eslint-config-next/package.json,deps
next.js,packages/eslint-plugin-internal/package.json,deps
next.js,packages/eslint-plugin-internal/src/eslint-no-ambiguous-jsx.js,code
next.js,packages/eslint-plugin-internal/src/eslint-plugin-internal.js,code
next.js,packages/eslint-plugin-next/package.json,deps
next.js,packages/font/package.json,deps
next.js,packages/font/src/google/font-data.json,code
next.js,packages/font/src/google/index.ts,code
next.js,packages/next-bundle-analyzer/package.json,deps
next.js,packages/next-codemod/bin/next-codemod.ts,code
next.js,packages/next-codemod/bin/upgrade.ts,code
next.js,packages/next-codemod/lib/handle-package.ts,code
next.js,packages/next-codemod/lib/utils.ts,code
next.js,packages/next-codemod/package.json,deps
next.js,packages/next-codemod/transforms/__testfixtures__/middleware-to-proxy/runtime-direct-export.input.ts,code
next.js,packages/next-codemod/transforms/__testfixtures__/middleware-to-proxy/runtime-direct-export.output.ts,code
next.js,packages/next-codemod/transforms/__testfixtures__/middleware-to-proxy/runtime-in-config.input.ts,code
next.js,packages/next-codemod/transforms/__testfixtures__/middleware-to-proxy/runtime-in-config.output.ts,code
next.js,packages/next-codemod/transforms/__testfixtures__/middleware-to-proxy/runtime-multi-declarator.input.ts,code
next.js,packages/next-codemod/transforms/__testfixtures__/middleware-to-proxy/runtime-multi-declarator.output.ts,code
next.js,packages/next-codemod/transforms/__testfixtures__/middleware-to-proxy/runtime-multiple-exports.input.ts,code
next.js,packages/next-codemod/transforms/__testfixtures__/middleware-to-proxy/runtime-multiple-exports.output.ts,code
next.js,packages/next-codemod/transforms/__testfixtures__/middleware-to-proxy/runtime-only-config.input.ts,code
next.js,packages/next-codemod/transforms/__testfixtures__/middleware-to-proxy/runtime-only-config.output.ts,code
next.js,packages/next-codemod/transforms/__testfixtures__/middleware-to-proxy/runtime-separate-export-mixed.input.ts,code
next.js,packages/next-codemod/transforms/__testfixtures__/middleware-to-proxy/runtime-separate-export-mixed.output.ts,code
next.js,packages/next-codemod/transforms/__testfixtures__/middleware-to-proxy/runtime-separate-export.input.ts,code
next.js,packages/next-codemod/transforms/__testfixtures__/middleware-to-proxy/runtime-separate-export.output.ts,code
next.js,packages/next-codemod/transforms/__testfixtures__/next-lint-to-eslint-cli/basic.input.json,code
next.js,packages/next-codemod/transforms/__testfixtures__/next-lint-to-eslint-cli/basic.output.json,code
next.js,packages/next-codemod/transforms/__testfixtures__/next-lint-to-eslint-cli/cjs-flat-config.eslint.cjs,code
next.js,packages/next-codemod/transforms/__testfixtures__/next-lint-to-eslint-cli/complex-scripts.output.json,code
next.js,packages/next-codemod/transforms/__testfixtures__/next-lint-to-eslint-cli/existing-eslint.input.json,code
next.js,packages/next-codemod/transforms/__testfixtures__/next-lint-to-eslint-cli/existing-eslint.output.json,code
next.js,packages/next-codemod/transforms/__testfixtures__/next-lint-to-eslint-cli/existing-flat-config.eslint.js,code
next.js,packages/next-codemod/transforms/__testfixtures__/next-lint-to-eslint-cli/existing-flat-config.input.json,code
next.js,packages/next-codemod/transforms/__testfixtures__/next-lint-to-eslint-cli/existing-flat-config.output.json,code
next.js,packages/next-codemod/transforms/__testfixtures__/next-lint-to-eslint-cli/existing-ignores.eslint.js,code
next.js,packages/next-codemod/transforms/__testfixtures__/next-lint-to-eslint-cli/flat-config-flat-compat-with-other-compat/eslint.config.mjs,code
next.js,packages/next-codemod/transforms/__testfixtures__/next-lint-to-eslint-cli/flat-config-flat-compat-with-other-compat/package.json,deps
next.js,packages/next-codemod/transforms/__testfixtures__/next-lint-to-eslint-cli/flat-config-flat-compat/eslint.config.mjs,code
next.js,packages/next-codemod/transforms/__testfixtures__/next-lint-to-eslint-cli/flat-config-flat-compat/package.json,deps
next.js,packages/next-codemod/transforms/__testfixtures__/next-lint-to-eslint-cli/flat-config/eslint.config.mjs,code
next.js,packages/next-codemod/transforms/__testfixtures__/next-lint-to-eslint-cli/flat-config/package.json,deps
next.js,packages/next-codemod/transforms/__testfixtures__/next-lint-to-eslint-cli/flat-config/tsconfig.json,code
next.js,packages/next-codemod/transforms/__testfixtures__/next-lint-to-eslint-cli/legacy-config/.eslintignore,code
next.js,packages/next-codemod/transforms/__testfixtures__/next-lint-to-eslint-cli/legacy-config/.eslintrc.json,code
next.js,packages/next-codemod/transforms/__testfixtures__/next-lint-to-eslint-cli/legacy-config/package.json,deps
next.js,packages/next-codemod/transforms/__testfixtures__/next-lint-to-eslint-cli/no-scripts.input.json,code
next.js,packages/next-codemod/transforms/__testfixtures__/next-lint-to-eslint-cli/no-scripts.output.json,code
next.js,packages/next-codemod/transforms/__testfixtures__/remove-experimental-ppr/basic.input.tsx,code
next.js,packages/next-codemod/transforms/__testfixtures__/remove-experimental-ppr/basic.output.tsx,code
next.js,packages/next-codemod/transforms/__testfixtures__/remove-experimental-ppr/separate-export.input.tsx,code
next.js,packages/next-codemod/transforms/__testfixtures__/remove-experimental-ppr/separate-export.output.tsx,code
next.js,packages/next-codemod/transforms/__testfixtures__/remove-unstable-prefix/alias.input.tsx,code
next.js,packages/next-codemod/transforms/__testfixtures__/remove-unstable-prefix/alias.output.tsx,code
next.js,packages/next-codemod/transforms/__testfixtures__/remove-unstable-prefix/bracket-notation.input.tsx,code
next.js,packages/next-codemod/transforms/__testfixtures__/remove-unstable-prefix/bracket-notation.output.tsx,code
next.js,packages/next-codemod/transforms/__testfixtures__/remove-unstable-prefix/dynamic-import.input.tsx,code
next.js,packages/next-codemod/transforms/__testfixtures__/remove-unstable-prefix/dynamic-import.output.tsx,code
next.js,packages/next-codemod/transforms/__testfixtures__/remove-unstable-prefix/dynamic-require.input.tsx,code
next.js,packages/next-codemod/transforms/__testfixtures__/remove-unstable-prefix/dynamic-require.output.tsx,code
next.js,packages/next-codemod/transforms/__testfixtures__/remove-unstable-prefix/export-statements.input.tsx,code
next.js,packages/next-codemod/transforms/__testfixtures__/remove-unstable-prefix/export-statements.output.tsx,code
next.js,packages/next-codemod/transforms/__testfixtures__/remove-unstable-prefix/import.input.tsx,code
next.js,packages/next-codemod/transforms/__testfixtures__/remove-unstable-prefix/import.output.tsx,code
next.js,packages/next-codemod/transforms/__testfixtures__/remove-unstable-prefix/namespace-import.input.tsx,code
next.js,packages/next-codemod/transforms/__testfixtures__/remove-unstable-prefix/namespace-import.output.tsx,code
next.js,packages/next-codemod/transforms/__testfixtures__/remove-unstable-prefix/require.input.tsx,code
next.js,packages/next-codemod/transforms/__testfixtures__/remove-unstable-prefix/require.output.tsx,code
next.js,packages/next-codemod/transforms/__testfixtures__/remove-unstable-prefix/type-imports.input.tsx,code
next.js,packages/next-codemod/transforms/__testfixtures__/remove-unstable-prefix/type-imports.output.tsx,code
next.js,packages/next-codemod/transforms/__tests__/next-lint-to-eslint-cli.test.js,tests
next.js,packages/next-codemod/transforms/__tests__/remove-experimental-ppr.test.js,tests
next.js,packages/next-codemod/transforms/__tests__/remove-unstable-prefix.test.js,tests
next.js,packages/next-codemod/transforms/middleware-to-proxy.ts,code
next.js,packages/next-codemod/transforms/next-lint-to-eslint-cli.ts,code
next.js,packages/next-codemod/transforms/remove-experimental-ppr.ts,code
next.js,packages/next-codemod/transforms/remove-unstable-prefix.ts,code
next.js,packages/next-env/package.json,deps
next.js,packages/next-mdx/index.d.ts,code
next.js,packages/next-mdx/package.json,deps
next.js,packages/next-plugin-storybook/package.json,deps
next.js,packages/next-polyfill-module/package.json,deps
next.js,packages/next-polyfill-nomodule/package.json,deps
next.js,packages/next-rspack/index.js,code
next.js,packages/next-rspack/package.json,deps
next.js,packages/next-swc/package.json,deps
next.js,packages/next/cache.d.ts,code
next.js,packages/next/cache.js,code
next.js,packages/next/errors.json,code
next.js,packages/next/next-runtime.webpack-config.js,code
next.js,packages/next/package.json,deps
next.js,packages/next/src/bin/next.ts,code
next.js,packages/next/src/build/adapter/build-complete.ts,code
next.js,packages/next/src/build/analysis/get-page-static-info.ts,code
next.js,packages/next/src/build/analyze/index.ts,code
next.js,packages/next/src/build/babel/loader/get-config.ts,code
next.js,packages/next/src/build/build-context.ts,code
next.js,packages/next/src/build/collect-build-traces.ts,code
next.js,packages/next/src/build/define-env.ts,code
next.js,packages/next/src/build/duration-to-string.ts,code
next.js,packages/next/src/build/entries.ts,code
next.js,packages/next/src/build/generate-routes-manifest.ts,code
next.js,packages/next/src/build/get-static-info-including-layouts.ts,code
next.js,packages/next/src/build/index.ts,code
next.js,packages/next/src/build/jest/jest.ts,code
next.js,packages/next/src/build/load-entrypoint.ts,code
next.js,packages/next/src/build/lockfile.ts,code
next.js,packages/next/src/build/next-config-ts/transpile-config.ts,code
next.js,packages/next/src/build/output/log.ts,code
next.js,packages/next/src/build/output/store.ts,code
next.js,packages/next/src/build/segment-config/app/app-segment-config.ts,code
next.js,packages/next/src/build/segment-config/app/app-segments.ts,code
next.js,packages/next/src/build/segment-config/app/collect-root-param-keys.ts,code
next.js,packages/next/src/build/spinner.ts,code
next.js,packages/next/src/build/static-paths/app.test.ts,tests
next.js,packages/next/src/build/static-paths/app.ts,code
next.js,packages/next/src/build/static-paths/app/extract-pathname-route-param-segments-from-loader-tree.test.ts,tests
next.js,packages/next/src/build/static-paths/app/extract-pathname-route-param-segments-from-loader-tree.ts,code
next.js,packages/next/src/build/static-paths/types.ts,code
next.js,packages/next/src/build/static-paths/utils.test.ts,tests
next.js,packages/next/src/build/static-paths/utils.ts,code
next.js,packages/next/src/build/swc/generated-native.d.ts,code
next.js,packages/next/src/build/swc/index.ts,code
next.js,packages/next/src/build/swc/install-bindings.ts,code
next.js,packages/next/src/build/swc/options.ts,code
next.js,packages/next/src/build/swc/types.ts,code
next.js,packages/next/src/build/templates/app-page.ts,code
next.js,packages/next/src/build/templates/app-route.ts,code
next.js,packages/next/src/build/templates/edge-ssr-app.ts,code
next.js,packages/next/src/build/templates/edge-ssr.ts,code
next.js,packages/next/src/build/templates/middleware.ts,code
next.js,packages/next/src/build/templates/pages-api.ts,code
next.js,packages/next/src/build/turbopack-analyze/index.ts,code
next.js,packages/next/src/build/turbopack-build/impl.ts,code
next.js,packages/next/src/build/utils.ts,code
next.js,packages/next/src/build/validate-app-paths.test.ts,tests
next.js,packages/next/src/build/validate-app-paths.ts,code
next.js,packages/next/src/build/webpack-build/impl.ts,code
next.js,packages/next/src/build/webpack-config.ts,code
next.js,packages/next/src/build/webpack/config/blocks/css/loaders/client.ts,code
next.js,packages/next/src/build/webpack/config/blocks/css/loaders/global.ts,code
next.js,packages/next/src/build/webpack/config/blocks/css/loaders/modules.ts,code
next.js,packages/next/src/build/webpack/loaders/get-module-build-info.ts,code
next.js,packages/next/src/build/webpack/loaders/lightningcss-loader/src/loader.ts,code
next.js,packages/next/src/build/webpack/loaders/lightningcss-loader/src/minify.ts,code
next.js,packages/next/src/build/webpack/loaders/next-app-loader/index.ts,code
next.js,packages/next/src/build/webpack/loaders/next-barrel-loader.ts,code
next.js,packages/next/src/build/webpack/loaders/next-metadata-image-loader.ts,code
next.js,packages/next/src/build/webpack/loaders/next-metadata-route-loader.ts,code
next.js,packages/next/src/build/webpack/loaders/next-middleware-loader.ts,code
next.js,packages/next/src/build/webpack/loaders/next-root-params-loader.ts,code
next.js,packages/next/src/build/webpack/loaders/next-swc-loader.ts,code
next.js,packages/next/src/build/webpack/plugins/force-complete-runtime.ts,code
next.js,packages/next/src/build/webpack/plugins/middleware-plugin.ts,code
next.js,packages/next/src/build/webpack/plugins/next-types-plugin/index.test.ts,tests
next.js,packages/next/src/build/webpack/plugins/next-types-plugin/index.ts,code
next.js,packages/next/src/cli/next-analyze.ts,code
next.js,packages/next/src/cli/next-build.ts,code
next.js,packages/next/src/cli/next-dev.ts,code
next.js,packages/next/src/cli/next-typegen.ts,code
next.js,packages/next/src/cli/next-upgrade.ts,code
next.js,packages/next/src/client/app-dir/form.tsx,code
next.js,packages/next/src/client/app-dir/link.tsx,code
next.js,packages/next/src/client/app-index.tsx,code
next.js,packages/next/src/client/app-next-dev.ts,code
next.js,packages/next/src/client/app-next-turbopack.ts,code
next.js,packages/next/src/client/components/app-router-instance.ts,code
next.js,packages/next/src/client/components/app-router.tsx,code
next.js,packages/next/src/client/components/bfcache.ts,code
next.js,packages/next/src/client/components/builtin/default-null.tsx,code
next.js,packages/next/src/client/components/client-page.tsx,code
next.js,packages/next/src/client/components/client-segment.tsx,code
next.js,packages/next/src/client/components/http-access-fallback/error-boundary.tsx,code
next.js,packages/next/src/client/components/layout-router.tsx,code
next.js,packages/next/src/client/components/links.ts,code
next.js,packages/next/src/client/components/navigation-devtools.ts,code
next.js,packages/next/src/client/components/navigation.react-server.ts,code
next.js,packages/next/src/client/components/navigation.ts,code
next.js,packages/next/src/client/components/readonly-url-search-params.ts,code
next.js,packages/next/src/client/components/redirect-boundary.tsx,code
next.js,packages/next/src/client/components/router-reducer/aliased-prefetch-navigations.ts,code
next.js,packages/next/src/client/components/router-reducer/apply-flight-data.ts,code
next.js,packages/next/src/client/components/router-reducer/create-initial-router-state.test.tsx,tests
next.js,packages/next/src/client/components/router-reducer/create-initial-router-state.ts,code
next.js,packages/next/src/client/components/router-reducer/fetch-server-response.ts,code
next.js,packages/next/src/client/components/router-reducer/fill-cache-with-new-subtree-data.test.tsx,tests
next.js,packages/next/src/client/components/router-reducer/fill-cache-with-new-subtree-data.ts,code
next.js,packages/next/src/client/components/router-reducer/fill-lazy-items-till-leaf-with-head.test.tsx,tests
next.js,packages/next/src/client/components/router-reducer/fill-lazy-items-till-leaf-with-head.ts,code
next.js,packages/next/src/client/components/router-reducer/handle-mutable.ts,code
next.js,packages/next/src/client/components/router-reducer/invalidate-cache-below-flight-segmentpath.test.tsx,tests
next.js,packages/next/src/client/components/router-reducer/ppr-navigations.ts,code
next.js,packages/next/src/client/components/router-reducer/prefetch-cache-utils.ts,code
next.js,packages/next/src/client/components/router-reducer/reducers/get-segment-value.ts,code
next.js,packages/next/src/client/components/router-reducer/reducers/has-interception-route-in-current-tree.ts,code
next.js,packages/next/src/client/components/router-reducer/reducers/hmr-refresh-reducer.ts,code
next.js,packages/next/src/client/components/router-reducer/reducers/navigate-reducer.ts,code
next.js,packages/next/src/client/components/router-reducer/reducers/prefetch-reducer.ts,code
next.js,packages/next/src/client/components/router-reducer/reducers/refresh-reducer.ts,code
next.js,packages/next/src/client/components/router-reducer/reducers/restore-reducer.ts,code
next.js,packages/next/src/client/components/router-reducer/reducers/server-action-reducer.ts,code
next.js,packages/next/src/client/components/router-reducer/reducers/server-patch-reducer.ts,code
next.js,packages/next/src/client/components/router-reducer/refetch-inactive-parallel-segments.ts,code
next.js,packages/next/src/client/components/router-reducer/router-reducer-types.ts,code
next.js,packages/next/src/client/components/router-reducer/router-reducer.ts,code
next.js,packages/next/src/client/components/segment-cache-impl/cache-key.ts,code
next.js,packages/next/src/client/components/segment-cache-impl/cache-map.ts,code
next.js,packages/next/src/client/components/segment-cache-impl/cache.ts,code
next.js,packages/next/src/client/components/segment-cache-impl/lru.ts,code
next.js,packages/next/src/client/components/segment-cache-impl/navigation.ts,code
next.js,packages/next/src/client/components/segment-cache-impl/scheduler.ts,code
next.js,packages/next/src/client/components/segment-cache-impl/tuple-map.ts,code
next.js,packages/next/src/client/components/segment-cache.ts,code
next.js,packages/next/src/client/components/segment-cache/cache-key.ts,code
next.js,packages/next/src/client/components/segment-cache/cache-map.ts,code
next.js,packages/next/src/client/components/segment-cache/cache.ts,code
next.js,packages/next/src/client/components/segment-cache/lru.ts,code
next.js,packages/next/src/client/components/segment-cache/navigation.ts,code
next.js,packages/next/src/client/components/segment-cache/prefetch.ts,code
next.js,packages/next/src/client/components/segment-cache/scheduler.ts,code
next.js,packages/next/src/client/components/segment-cache/types.ts,code
next.js,packages/next/src/client/components/segment-cache/vary-path.ts,code
next.js,packages/next/src/client/components/use-action-queue.ts,code
next.js,packages/next/src/client/dev/hot-reloader/app/hot-reloader-app.tsx,code
next.js,packages/next/src/client/dev/hot-reloader/pages/hot-reloader-pages.ts,code
next.js,packages/next/src/client/dev/hot-reloader/turbopack-hot-reloader-common.ts,code
next.js,packages/next/src/client/flight-data-helpers.ts,code
next.js,packages/next/src/client/link.tsx,code
next.js,packages/next/src/client/page-bootstrap.ts,code
next.js,packages/next/src/client/page-loader.ts,code
next.js,packages/next/src/client/route-loader.ts,code
next.js,packages/next/src/client/route-params.ts,code
next.js,packages/next/src/compiled/@vercel/routing-utils/LICENSE,code
next.js,packages/next/src/compiled/@vercel/routing-utils/package.json,deps
next.js,packages/next/src/compiled/@vercel/routing-utils/superstatic.js,code
next.js,packages/next/src/compiled/ipaddr.js/LICENSE,code
next.js,packages/next/src/compiled/ipaddr.js/ipaddr.js,code
next.js,packages/next/src/compiled/ipaddr.js/package.json,deps
next.js,packages/next/src/compiled/is-local-address/index.js,code
next.js,packages/next/src/compiled/is-local-address/package.json,deps
next.js,packages/next/src/compiled/node-html-parser/index.js,code
next.js,packages/next/src/compiled/postcss-preset-env/index.cjs,code
next.js,packages/next/src/compiled/react-dom-experimental/cjs/react-dom-client.development.js,code
next.js,packages/next/src/compiled/react-dom-experimental/cjs/react-dom-client.production.js,code
next.js,packages/next/src/compiled/react-dom-experimental/cjs/react-dom-profiling.development.js,code
next.js,packages/next/src/compiled/react-dom-experimental/cjs/react-dom-profiling.profiling.js,code
next.js,packages/next/src/compiled/react-dom-experimental/cjs/react-dom-server-legacy.browser.development.js,code
next.js,packages/next/src/compiled/react-dom-experimental/cjs/react-dom-server-legacy.browser.production.js,code
next.js,packages/next/src/compiled/react-dom-experimental/cjs/react-dom-server-legacy.node.development.js,code
next.js,packages/next/src/compiled/react-dom-experimental/cjs/react-dom-server-legacy.node.production.js,code
next.js,packages/next/src/compiled/react-dom-experimental/cjs/react-dom-server.browser.development.js,code
next.js,packages/next/src/compiled/react-dom-experimental/cjs/react-dom-server.browser.production.js,code
next.js,packages/next/src/compiled/react-dom-experimental/cjs/react-dom-server.bun.production.js,code
next.js,packages/next/src/compiled/react-dom-experimental/cjs/react-dom-server.edge.development.js,code
next.js,packages/next/src/compiled/react-dom-experimental/cjs/react-dom-server.edge.production.js,code
next.js,packages/next/src/compiled/react-dom-experimental/cjs/react-dom-server.node.development.js,code
next.js,packages/next/src/compiled/react-dom-experimental/cjs/react-dom-server.node.production.js,code
next.js,packages/next/src/compiled/react-dom-experimental/cjs/react-dom-unstable_testing.development.js,code
next.js,packages/next/src/compiled/react-dom-experimental/cjs/react-dom-unstable_testing.production.js,code
next.js,packages/next/src/compiled/react-dom-experimental/cjs/react-dom.development.js,code
next.js,packages/next/src/compiled/react-dom-experimental/cjs/react-dom.production.js,code
next.js,packages/next/src/compiled/react-dom-experimental/cjs/react-dom.react-server.development.js,code
next.js,packages/next/src/compiled/react-dom-experimental/cjs/react-dom.react-server.production.js,code
next.js,packages/next/src/compiled/react-dom-experimental/package.json,deps
next.js,packages/next/src/compiled/react-dom/cjs/react-dom-client.development.js,code
next.js,packages/next/src/compiled/react-dom/cjs/react-dom-client.production.js,code
next.js,packages/next/src/compiled/react-dom/cjs/react-dom-profiling.development.js,code
next.js,packages/next/src/compiled/react-dom/cjs/react-dom-profiling.profiling.js,code
next.js,packages/next/src/compiled/react-dom/cjs/react-dom-server-legacy.browser.development.js,code
next.js,packages/next/src/compiled/react-dom/cjs/react-dom-server-legacy.browser.production.js,code
next.js,packages/next/src/compiled/react-dom/cjs/react-dom-server-legacy.node.development.js,code
next.js,packages/next/src/compiled/react-dom/cjs/react-dom-server-legacy.node.production.js,code
next.js,packages/next/src/compiled/react-dom/cjs/react-dom-server.browser.development.js,code
next.js,packages/next/src/compiled/react-dom/cjs/react-dom-server.browser.production.js,code
next.js,packages/next/src/compiled/react-dom/cjs/react-dom-server.bun.production.js,code
next.js,packages/next/src/compiled/react-dom/cjs/react-dom-server.edge.development.js,code
next.js,packages/next/src/compiled/react-dom/cjs/react-dom-server.edge.production.js,code
next.js,packages/next/src/compiled/react-dom/cjs/react-dom-server.node.development.js,code
next.js,packages/next/src/compiled/react-dom/cjs/react-dom-server.node.production.js,code
next.js,packages/next/src/compiled/react-dom/cjs/react-dom.development.js,code
next.js,packages/next/src/compiled/react-dom/cjs/react-dom.production.js,code
next.js,packages/next/src/compiled/react-dom/cjs/react-dom.react-server.development.js,code
next.js,packages/next/src/compiled/react-dom/cjs/react-dom.react-server.production.js,code
next.js,packages/next/src/compiled/react-dom/package.json,deps
next.js,packages/next/src/compiled/react-experimental/cjs/react-jsx-dev-runtime.development.js,code
next.js,packages/next/src/compiled/react-experimental/cjs/react-jsx-dev-runtime.react-server.development.js,code
next.js,packages/next/src/compiled/react-experimental/cjs/react-jsx-runtime.development.js,code
next.js,packages/next/src/compiled/react-experimental/cjs/react-jsx-runtime.react-server.development.js,code
next.js,packages/next/src/compiled/react-experimental/cjs/react.development.js,code
next.js,packages/next/src/compiled/react-experimental/cjs/react.production.js,code
next.js,packages/next/src/compiled/react-experimental/cjs/react.react-server.development.js,code
next.js,packages/next/src/compiled/react-experimental/cjs/react.react-server.production.js,code
next.js,packages/next/src/compiled/react-is/package.json,deps
next.js,packages/next/src/compiled/react-server-dom-turbopack-experimental/cjs/react-server-dom-turbopack-client.browser.development.js,code
next.js,packages/next/src/compiled/react-server-dom-turbopack-experimental/cjs/react-server-dom-turbopack-client.browser.production.js,code
next.js,packages/next/src/compiled/react-server-dom-turbopack-experimental/cjs/react-server-dom-turbopack-client.edge.development.js,code
next.js,packages/next/src/compiled/react-server-dom-turbopack-experimental/cjs/react-server-dom-turbopack-client.edge.production.js,code
next.js,packages/next/src/compiled/react-server-dom-turbopack-experimental/cjs/react-server-dom-turbopack-client.node.development.js,code
next.js,packages/next/src/compiled/react-server-dom-turbopack-experimental/cjs/react-server-dom-turbopack-client.node.production.js,code
next.js,packages/next/src/compiled/react-server-dom-turbopack-experimental/cjs/react-server-dom-turbopack-server.browser.development.js,code
next.js,packages/next/src/compiled/react-server-dom-turbopack-experimental/cjs/react-server-dom-turbopack-server.browser.production.js,code
next.js,packages/next/src/compiled/react-server-dom-turbopack-experimental/cjs/react-server-dom-turbopack-server.edge.development.js,code
next.js,packages/next/src/compiled/react-server-dom-turbopack-experimental/cjs/react-server-dom-turbopack-server.edge.production.js,code
next.js,packages/next/src/compiled/react-server-dom-turbopack-experimental/cjs/react-server-dom-turbopack-server.node.development.js,code
next.js,packages/next/src/compiled/react-server-dom-turbopack-experimental/cjs/react-server-dom-turbopack-server.node.production.js,code
next.js,packages/next/src/compiled/react-server-dom-turbopack-experimental/package.json,deps
next.js,packages/next/src/compiled/react-server-dom-turbopack/cjs/react-server-dom-turbopack-client.browser.development.js,code
next.js,packages/next/src/compiled/react-server-dom-turbopack/cjs/react-server-dom-turbopack-client.browser.production.js,code
next.js,packages/next/src/compiled/react-server-dom-turbopack/cjs/react-server-dom-turbopack-client.edge.development.js,code
next.js,packages/next/src/compiled/react-server-dom-turbopack/cjs/react-server-dom-turbopack-client.edge.production.js,code
next.js,packages/next/src/compiled/react-server-dom-turbopack/cjs/react-server-dom-turbopack-client.node.development.js,code
next.js,packages/next/src/compiled/react-server-dom-turbopack/cjs/react-server-dom-turbopack-client.node.production.js,code
next.js,packages/next/src/compiled/react-server-dom-turbopack/cjs/react-server-dom-turbopack-server.browser.development.js,code
next.js,packages/next/src/compiled/react-server-dom-turbopack/cjs/react-server-dom-turbopack-server.browser.production.js,code
next.js,packages/next/src/compiled/react-server-dom-turbopack/cjs/react-server-dom-turbopack-server.edge.development.js,code
next.js,packages/next/src/compiled/react-server-dom-turbopack/cjs/react-server-dom-turbopack-server.edge.production.js,code
next.js,packages/next/src/compiled/react-server-dom-turbopack/cjs/react-server-dom-turbopack-server.node.development.js,code
next.js,packages/next/src/compiled/react-server-dom-turbopack/cjs/react-server-dom-turbopack-server.node.production.js,code
next.js,packages/next/src/compiled/react-server-dom-turbopack/package.json,deps
next.js,packages/next/src/compiled/react-server-dom-webpack-experimental/cjs/react-server-dom-webpack-client.browser.development.js,code
next.js,packages/next/src/compiled/react-server-dom-webpack-experimental/cjs/react-server-dom-webpack-client.browser.production.js,code
next.js,packages/next/src/compiled/react-server-dom-webpack-experimental/cjs/react-server-dom-webpack-client.edge.development.js,code
next.js,packages/next/src/compiled/react-server-dom-webpack-experimental/cjs/react-server-dom-webpack-client.edge.production.js,code
next.js,packages/next/src/compiled/react-server-dom-webpack-experimental/cjs/react-server-dom-webpack-client.node.development.js,code
next.js,packages/next/src/compiled/react-server-dom-webpack-experimental/cjs/react-server-dom-webpack-client.node.production.js,code
next.js,packages/next/src/compiled/react-server-dom-webpack-experimental/cjs/react-server-dom-webpack-client.node.unbundled.development.js,code
next.js,packages/next/src/compiled/react-server-dom-webpack-experimental/cjs/react-server-dom-webpack-client.node.unbundled.production.js,code
next.js,packages/next/src/compiled/react-server-dom-webpack-experimental/cjs/react-server-dom-webpack-server.browser.development.js,code
next.js,packages/next/src/compiled/react-server-dom-webpack-experimental/cjs/react-server-dom-webpack-server.browser.production.js,code
next.js,packages/next/src/compiled/react-server-dom-webpack-experimental/cjs/react-server-dom-webpack-server.edge.development.js,code
next.js,packages/next/src/compiled/react-server-dom-webpack-experimental/cjs/react-server-dom-webpack-server.edge.production.js,code
next.js,packages/next/src/compiled/react-server-dom-webpack-experimental/cjs/react-server-dom-webpack-server.node.development.js,code
next.js,packages/next/src/compiled/react-server-dom-webpack-experimental/cjs/react-server-dom-webpack-server.node.production.js,code
next.js,packages/next/src/compiled/react-server-dom-webpack-experimental/cjs/react-server-dom-webpack-server.node.unbundled.development.js,code
next.js,packages/next/src/compiled/react-server-dom-webpack-experimental/cjs/react-server-dom-webpack-server.node.unbundled.production.js,code
next.js,packages/next/src/compiled/react-server-dom-webpack-experimental/package.json,deps
next.js,packages/next/src/compiled/react-server-dom-webpack/cjs/react-server-dom-webpack-client.browser.development.js,code
next.js,packages/next/src/compiled/react-server-dom-webpack/cjs/react-server-dom-webpack-client.browser.production.js,code
next.js,packages/next/src/compiled/react-server-dom-webpack/cjs/react-server-dom-webpack-client.edge.development.js,code
next.js,packages/next/src/compiled/react-server-dom-webpack/cjs/react-server-dom-webpack-client.edge.production.js,code
next.js,packages/next/src/compiled/react-server-dom-webpack/cjs/react-server-dom-webpack-client.node.development.js,code
next.js,packages/next/src/compiled/react-server-dom-webpack/cjs/react-server-dom-webpack-client.node.production.js,code
next.js,packages/next/src/compiled/react-server-dom-webpack/cjs/react-server-dom-webpack-client.node.unbundled.development.js,code
next.js,packages/next/src/compiled/react-server-dom-webpack/cjs/react-server-dom-webpack-client.node.unbundled.production.js,code
next.js,packages/next/src/compiled/react-server-dom-webpack/cjs/react-server-dom-webpack-server.browser.development.js,code
next.js,packages/next/src/compiled/react-server-dom-webpack/cjs/react-server-dom-webpack-server.browser.production.js,code
next.js,packages/next/src/compiled/react-server-dom-webpack/cjs/react-server-dom-webpack-server.edge.development.js,code
next.js,packages/next/src/compiled/react-server-dom-webpack/cjs/react-server-dom-webpack-server.edge.production.js,code
next.js,packages/next/src/compiled/react-server-dom-webpack/cjs/react-server-dom-webpack-server.node.development.js,code
next.js,packages/next/src/compiled/react-server-dom-webpack/cjs/react-server-dom-webpack-server.node.production.js,code
next.js,packages/next/src/compiled/react-server-dom-webpack/cjs/react-server-dom-webpack-server.node.unbundled.development.js,code
next.js,packages/next/src/compiled/react-server-dom-webpack/cjs/react-server-dom-webpack-server.node.unbundled.production.js,code
next.js,packages/next/src/compiled/react-server-dom-webpack/package.json,deps
next.js,packages/next/src/compiled/react/cjs/react-jsx-dev-runtime.development.js,code
next.js,packages/next/src/compiled/react/cjs/react-jsx-dev-runtime.react-server.development.js,code
next.js,packages/next/src/compiled/react/cjs/react-jsx-runtime.development.js,code
next.js,packages/next/src/compiled/react/cjs/react-jsx-runtime.react-server.development.js,code
next.js,packages/next/src/compiled/react/cjs/react.development.js,code
next.js,packages/next/src/compiled/react/cjs/react.production.js,code
next.js,packages/next/src/compiled/react/cjs/react.react-server.development.js,code
next.js,packages/next/src/compiled/react/cjs/react.react-server.production.js,code
next.js,packages/next/src/compiled/sass-loader/cjs.js,code
next.js,packages/next/src/compiled/serve-handler/LICENSE,code
next.js,packages/next/src/compiled/serve-handler/index.js,code
next.js,packages/next/src/compiled/serve-handler/package.json,deps
next.js,packages/next/src/compiled/unistore/unistore.js,code
next.js,packages/next/src/export/helpers/create-incremental-cache.ts,code
next.js,packages/next/src/export/index.ts,code
next.js,packages/next/src/export/routes/app-page.ts,code
next.js,packages/next/src/export/routes/app-route.ts,code
next.js,packages/next/src/export/types.ts,code
next.js,packages/next/src/export/worker.ts,code
next.js,packages/next/src/lib/bundler.ts,code
next.js,packages/next/src/lib/generate-interception-routes-rewrites.test.ts,tests
next.js,packages/next/src/lib/generate-interception-routes-rewrites.ts,code
next.js,packages/next/src/lib/helpers/get-npx-command.ts,code
next.js,packages/next/src/lib/is-error.ts,code
next.js,packages/next/src/lib/load-custom-routes.ts,code
next.js,packages/next/src/lib/metadata/metadata.tsx,code
next.js,packages/next/src/lib/needs-experimental-react.ts,code
next.js,packages/next/src/lib/resolve-build-paths.ts,code
next.js,packages/next/src/lib/turbopack-warning.ts,code
next.js,packages/next/src/lib/typescript/writeConfigurationDefaults.test.ts,tests
next.js,packages/next/src/lib/typescript/writeConfigurationDefaults.ts,code
next.js,packages/next/src/lib/verify-partytown-setup.ts,code
next.js,packages/next/src/lib/worker.ts,code
next.js,packages/next/src/next-devtools/dev-overlay.browser.tsx,code
next.js,packages/next/src/next-devtools/dev-overlay/cache-indicator.tsx,code
next.js,packages/next/src/next-devtools/dev-overlay/components/devtools-indicator/devtools-indicator.tsx,code
next.js,packages/next/src/next-devtools/dev-overlay/components/devtools-indicator/hooks/use-update-animation.ts,code
next.js,packages/next/src/next-devtools/dev-overlay/components/devtools-indicator/next-logo.stories.tsx,code
next.js,packages/next/src/next-devtools/dev-overlay/components/devtools-indicator/next-logo.tsx,code
next.js,packages/next/src/next-devtools/dev-overlay/components/devtools-indicator/status-indicator.tsx,code
next.js,packages/next/src/next-devtools/dev-overlay/components/devtools-panel/resize/resize-handle.tsx,code
next.js,packages/next/src/next-devtools/dev-overlay/components/errors/dev-tools-indicator/dev-tools-info/user-preferences.tsx,code
next.js,packages/next/src/next-devtools/dev-overlay/components/errors/error-message/error-message.tsx,code
next.js,packages/next/src/next-devtools/dev-overlay/components/errors/error-overlay-layout/error-overlay-layout.tsx,code
next.js,packages/next/src/next-devtools/dev-overlay/components/errors/error-overlay-toolbar/error-overlay-toolbar.tsx,code
next.js,packages/next/src/next-devtools/dev-overlay/components/errors/error-overlay-toolbar/nodejs-inspector-button.stories.tsx,code
next.js,packages/next/src/next-devtools/dev-overlay/components/errors/error-overlay-toolbar/nodejs-inspector-button.tsx,code
next.js,packages/next/src/next-devtools/dev-overlay/components/errors/error-type-label/error-type-label.tsx,code
next.js,packages/next/src/next-devtools/dev-overlay/components/hot-linked-text/index.tsx,code
next.js,packages/next/src/next-devtools/dev-overlay/container/errors.tsx,code
next.js,packages/next/src/next-devtools/dev-overlay/hooks/use-active-runtime-error.ts,code
next.js,packages/next/src/next-devtools/dev-overlay/menu/panel-router.tsx,code
next.js,packages/next/src/next-devtools/dev-overlay/shared.ts,code
next.js,packages/next/src/next-devtools/dev-overlay/storybook/use-overlay-reducer.ts,code
next.js,packages/next/src/next-devtools/server/attach-nodejs-debugger-middleware.ts,code
next.js,packages/next/src/next-devtools/server/middleware-response.ts,code
next.js,packages/next/src/next-devtools/userspace/app/forward-logs.ts,code
next.js,packages/next/src/server/after/after-context.ts,code
next.js,packages/next/src/server/api-utils/node/api-resolver.ts,code
next.js,packages/next/src/server/app-render/action-handler.ts,code
next.js,packages/next/src/server/app-render/app-render-prerender-utils.ts,code
next.js,packages/next/src/server/app-render/app-render-render-utils.ts,code
next.js,packages/next/src/server/app-render/app-render-scheduling.ts,code
next.js,packages/next/src/server/app-render/app-render.tsx,code
next.js,packages/next/src/server/app-render/async-local-storage.ts,code
next.js,packages/next/src/server/app-render/collect-segment-data.tsx,code
next.js,packages/next/src/server/app-render/create-component-styles-and-scripts.tsx,code
next.js,packages/next/src/server/app-render/create-component-tree.tsx,code
next.js,packages/next/src/server/app-render/dynamic-rendering.ts,code
next.js,packages/next/src/server/app-render/entry-base.ts,code
next.js,packages/next/src/server/app-render/flight-render-result.ts,code
next.js,packages/next/src/server/app-render/get-layer-assets.tsx,code
next.js,packages/next/src/server/app-render/get-short-dynamic-param-type.tsx,code
next.js,packages/next/src/server/app-render/make-get-server-inserted-html.tsx,code
next.js,packages/next/src/server/app-render/postponed-state.test.ts,tests
next.js,packages/next/src/server/app-render/render-css-resource.tsx,code
next.js,packages/next/src/server/app-render/server-inserted-html.tsx,code
next.js,packages/next/src/server/app-render/staged-rendering.ts,code
next.js,packages/next/src/server/app-render/staged-validation.tsx,code
next.js,packages/next/src/server/app-render/types.ts,code
next.js,packages/next/src/server/app-render/use-flight-response.tsx,code
next.js,packages/next/src/server/app-render/walk-tree-with-flight-router-state.tsx,code
next.js,packages/next/src/server/app-render/work-unit-async-storage.external.ts,code
next.js,packages/next/src/server/async-storage/work-store.ts,code
next.js,packages/next/src/server/base-server.ts,code
next.js,packages/next/src/server/config-schema.ts,code
next.js,packages/next/src/server/config-shared.ts,code
next.js,packages/next/src/server/config.test.ts,tests
next.js,packages/next/src/server/config.ts,code
next.js,packages/next/src/server/dev/debug-channel.ts,code
next.js,packages/next/src/server/dev/hot-middleware.ts,code
next.js,packages/next/src/server/dev/hot-reloader-turbopack.ts,code
next.js,packages/next/src/server/dev/hot-reloader-types.ts,code
next.js,packages/next/src/server/dev/hot-reloader-webpack.ts,code
next.js,packages/next/src/server/dev/log-requests.ts,code
next.js,packages/next/src/server/dev/next-dev-server.ts,code
next.js,packages/next/src/server/dev/on-demand-entry-handler.ts,code
next.js,packages/next/src/server/dev/static-paths-worker.ts,code
next.js,packages/next/src/server/dynamic-rendering-utils.ts,code
next.js,packages/next/src/server/image-optimizer.ts,code
next.js,packages/next/src/server/instrumentation/types.ts,code
next.js,packages/next/src/server/is-private-ip.test.ts,tests
next.js,packages/next/src/server/is-private-ip.ts,code
next.js,packages/next/src/server/lib/app-info-log.ts,code
next.js,packages/next/src/server/lib/cache-handlers/default.external.ts,code
next.js,packages/next/src/server/lib/cache-handlers/default.ts,code
next.js,packages/next/src/server/lib/chrome-devtools-workspace.ts,code
next.js,packages/next/src/server/lib/dev-bundler-service.ts,code
next.js,packages/next/src/server/lib/incremental-cache/file-system-cache.ts,code
next.js,packages/next/src/server/lib/incremental-cache/index.ts,code
next.js,packages/next/src/server/lib/patch-fetch.ts,code
next.js,packages/next/src/server/lib/router-server.ts,code
next.js,packages/next/src/server/lib/router-utils/block-cross-site.ts,code
next.js,packages/next/src/server/lib/router-utils/cache-life-type-utils.test.ts,tests
next.js,packages/next/src/server/lib/router-utils/cache-life-type-utils.ts,code
next.js,packages/next/src/server/lib/router-utils/resolve-routes.ts,code
next.js,packages/next/src/server/lib/router-utils/router-server-context.ts,code
next.js,packages/next/src/server/lib/router-utils/setup-dev-bundler.ts,code
next.js,packages/next/src/server/lib/start-server.ts,code
next.js,packages/next/src/server/lib/trace/constants.ts,code
next.js,packages/next/src/server/lib/trace/tracer.ts,code
next.js,packages/next/src/server/lib/utils.test.ts,tests
next.js,packages/next/src/server/lib/utils.ts,code
next.js,packages/next/src/server/mcp/get-or-create-mcp-server.ts,code
next.js,packages/next/src/server/mcp/mcp-telemetry-tracker.test.ts,tests
next.js,packages/next/src/server/mcp/mcp-telemetry-tracker.ts,code
next.js,packages/next/src/server/mcp/tools/get-errors.ts,code
next.js,packages/next/src/server/mcp/tools/get-logs.ts,code
next.js,packages/next/src/server/mcp/tools/get-page-metadata.ts,code
next.js,packages/next/src/server/mcp/tools/get-project-metadata.ts,code
next.js,packages/next/src/server/mcp/tools/get-routes.ts,code
next.js,packages/next/src/server/mcp/tools/get-server-action-by-id.ts,code
next.js,packages/next/src/server/next-server.ts,code
next.js,packages/next/src/server/next.ts,code
next.js,packages/next/src/server/node-environment-extensions/console-dim.external.test.ts,tests
next.js,packages/next/src/server/node-environment-extensions/console-dim.external.tsx,code
next.js,packages/next/src/server/node-environment-extensions/date.tsx,code
next.js,packages/next/src/server/node-environment-extensions/node-crypto.tsx,code
next.js,packages/next/src/server/node-environment-extensions/random.tsx,code
next.js,packages/next/src/server/node-environment-extensions/utils.tsx,code
next.js,packages/next/src/server/node-environment-extensions/web-crypto.tsx,code
next.js,packages/next/src/server/patch-error-inspect.ts,code
next.js,packages/next/src/server/render.tsx,code
next.js,packages/next/src/server/request-meta.ts,code
next.js,packages/next/src/server/request/connection.ts,code
next.js,packages/next/src/server/request/cookies.ts,code
next.js,packages/next/src/server/request/fallback-params.test.ts,tests
next.js,packages/next/src/server/request/fallback-params.ts,code
next.js,packages/next/src/server/request/headers.ts,code
next.js,packages/next/src/server/request/params.ts,code
next.js,packages/next/src/server/request/search-params.ts,code
next.js,packages/next/src/server/response-cache/types.ts,code
next.js,packages/next/src/server/resume-data-cache/resume-data-cache.test.ts,tests
next.js,packages/next/src/server/route-modules/app-page/module.ts,code
next.js,packages/next/src/server/route-modules/app-route/module.ts,code
next.js,packages/next/src/server/route-modules/pages/pages-handler.ts,code
next.js,packages/next/src/server/route-modules/route-module.ts,code
next.js,packages/next/src/server/runtime-reacts.external.ts,code
next.js,packages/next/src/server/server-utils.ts,code
next.js,packages/next/src/server/stream-utils/node-web-streams-helper.ts,code
next.js,packages/next/src/server/use-cache/cache-life.ts,code
next.js,packages/next/src/server/use-cache/cache-tag.ts,code
next.js,packages/next/src/server/use-cache/handlers.ts,code
next.js,packages/next/src/server/use-cache/use-cache-wrapper.ts,code
next.js,packages/next/src/server/web/adapter.ts,code
next.js,packages/next/src/server/web/edge-route-module-wrapper.ts,code
next.js,packages/next/src/server/web/spec-extension/revalidate.ts,code
next.js,packages/next/src/shared/lib/app-router-context.shared-runtime.ts,code
next.js,packages/next/src/shared/lib/app-router-types.ts,code
next.js,packages/next/src/shared/lib/constants.ts,code
next.js,packages/next/src/shared/lib/errors/empty-generate-static-params-error.ts,code
next.js,packages/next/src/shared/lib/errors/missing-default-parallel-route-error.ts,code
next.js,packages/next/src/shared/lib/errors/usage-error.ts,code
next.js,packages/next/src/shared/lib/hooks-client-context.shared-runtime.ts,code
next.js,packages/next/src/shared/lib/magic-identifier.test.ts,tests
next.js,packages/next/src/shared/lib/magic-identifier.ts,code
next.js,packages/next/src/shared/lib/router/routes/app.ts,code
next.js,packages/next/src/shared/lib/router/utils/get-dynamic-param.test.ts,tests
next.js,packages/next/src/shared/lib/router/utils/get-dynamic-param.ts,code
next.js,packages/next/src/shared/lib/router/utils/get-segment-param.tsx,code
next.js,packages/next/src/shared/lib/router/utils/interception-prefix-from-param-type.ts,code
next.js,packages/next/src/shared/lib/router/utils/interception-routes.ts,code
next.js,packages/next/src/shared/lib/router/utils/middleware-route-matcher.ts,code
next.js,packages/next/src/shared/lib/router/utils/resolve-param-value.ts,code
next.js,packages/next/src/shared/lib/router/utils/route-regex.test.ts,tests
next.js,packages/next/src/shared/lib/router/utils/route-regex.ts,code
next.js,packages/next/src/shared/lib/segment-cache/segment-value-encoding.ts,code
next.js,packages/next/src/shared/lib/segment.test.ts,tests
next.js,packages/next/src/shared/lib/segment.ts,code
next.js,packages/next/src/shared/lib/turbopack/utils.ts,code
next.js,packages/next/src/shared/lib/utils/reflect-utils.ts,code
next.js,packages/next/src/telemetry/detached-flush.ts,code
next.js,packages/next/src/telemetry/events/build.ts,code
next.js,packages/next/src/telemetry/events/index.ts,code
next.js,packages/next/src/telemetry/events/mcp-telemetry.test.ts,tests
next.js,packages/next/src/telemetry/events/version.ts,code
next.js,packages/next/src/telemetry/storage.ts,code
next.js,packages/next/taskfile-swc.js,code
next.js,packages/next/taskfile.js,code
next.js,packages/next/types/$$compiled.internal.d.ts,code
next.js,packages/next/types/react-dom.d.ts,code
next.js,packages/react-refresh-utils/package.json,deps
next.js,packages/third-parties/package.json,deps
next.js,packages/third-parties/src/google/gtm.tsx,code
next.js,packages/third-parties/src/types/google.ts,code
next.js,pnpm-lock.yaml,deps
next.js,rspack/Cargo.lock,deps
next.js,rspack/crates/binding/Cargo.toml,deps
next.js,rspack/crates/binding/package.json,deps
next.js,rspack/crates/binding/src/lib.rs,code
next.js,rspack/package.json,deps
next.js,rspack/pnpm-lock.yaml,deps
next.js,run-tests.js,code
next.js,rust-toolchain.toml,deps
next.js,scripts/check-is-release.js,code
next.js,scripts/deploy-examples.sh,code
next.js,scripts/generate-release-log.mjs,code
next.js,scripts/get-changed-tests.mjs,code
next.js,scripts/git-info.mjs,code
next.js,scripts/install-native.mjs,code
next.js,scripts/release-stats.sh,code
next.js,scripts/release/publish-npm.ts,code
next.js,scripts/release/slack.ts,code
next.js,scripts/release/version-packages.ts,code
next.js,scripts/run-for-change.js,code
next.js,scripts/run-for-change.mjs,code
next.js,scripts/send-trace-to-jaeger/Cargo.toml,deps
next.js,test/cache-components-tests-manifest.json,tests
next.js,test/deploy-tests-manifest.json,tests
next.js,test/development/acceptance-app/ReactRefreshLogBox-builtins.test.ts,tests
next.js,test/development/acceptance-app/ReactRefreshLogBox-scss.test.ts,tests
next.js,test/development/acceptance-app/ReactRefreshLogBox.test.ts,tests
next.js,test/development/acceptance-app/ReactRefreshLogBoxMisc.test.ts,tests
next.js,test/development/acceptance-app/ReactRefreshModule.test.ts,tests
next.js,test/development/acceptance-app/ReactRefreshRegression.test.ts,tests
next.js,test/development/acceptance-app/app-hmr-changes.test.ts,tests
next.js,test/development/acceptance-app/editor-links.test.ts,tests
next.js,test/development/acceptance-app/error-message-url.test.ts,tests
next.js,test/development/acceptance-app/error-recovery.test.ts,tests
next.js,test/development/acceptance-app/fixtures/app-hmr-changes/tsconfig.json,tests
next.js,test/development/acceptance-app/fixtures/hydration-errors/app/(default)/layout.tsx,tests
next.js,test/development/acceptance-app/fixtures/hydration-errors/app/(extra-attributes)/layout.tsx,tests
next.js,test/development/acceptance-app/fixtures/hydration-errors/app/(script-under-html)/layout.tsx,tests
next.js,test/development/acceptance-app/fixtures/rsc-build-errors/app/server-with-errors/next-cache-in-client/cachetag/page.js,tests
next.js,test/development/acceptance-app/fixtures/rsc-build-errors/app/server-with-errors/next-cache-in-client/unstable_cachetag/page.js,tests
next.js,test/development/acceptance-app/hydration-error.test.ts,tests
next.js,test/development/acceptance-app/invalid-imports.test.ts,tests
next.js,test/development/acceptance-app/rsc-build-errors.test.ts,tests
next.js,test/development/acceptance-app/server-components.test.ts,tests
next.js,test/development/acceptance/ReactRefreshLogBox-app-doc.test.ts,tests
next.js,test/development/acceptance/ReactRefreshLogBox-builtins.test.ts,tests
next.js,test/development/acceptance/ReactRefreshLogBox-scss.test.ts,tests
next.js,test/development/acceptance/ReactRefreshLogBox.test.ts,tests
next.js,test/development/acceptance/ReactRefreshModule.test.ts,tests
next.js,test/development/acceptance/ReactRefreshRegression.test.ts,tests
next.js,test/development/acceptance/error-recovery.test.ts,tests
next.js,test/development/acceptance/hydration-error.test.ts,tests
next.js,test/development/acceptance/server-component-compiler-errors-in-pages.test.ts,tests
next.js,test/development/app-dir/basic/basic.test.ts,tests
next.js,test/development/app-dir/cache-components-dev-cache-scope/app/cached/page.tsx,tests
next.js,test/development/app-dir/cache-components-dev-cache-scope/cache-components-dev-cache-scope.test.ts,tests
next.js,test/development/app-dir/cache-components-dev-cache-scope/next.config.js,tests
next.js,test/development/app-dir/cache-components-dev-errors/cache-components-dev-errors.test.ts,tests
next.js,test/development/app-dir/cache-components-dev-errors/next.config.js,tests
next.js,test/development/app-dir/cache-components-dev-fallback-validation/cache-components-dev-fallback-validation.test.ts,tests
next.js,test/development/app-dir/cache-components-dev-fallback-validation/next.config.js,tests
next.js,test/development/app-dir/cache-components-dev-warmup/app/apis/[param]/page.tsx,tests
next.js,test/development/app-dir/cache-components-dev-warmup/cache-components.dev-warmup.test.ts,tests
next.js,test/development/app-dir/cache-components-dev-warmup/fixtures/with-prefetch-config/app/apis/[param]/page.tsx,tests
next.js,test/development/app-dir/cache-components-dev-warmup/fixtures/with-prefetch-config/app/data-fetching.tsx,tests
next.js,test/development/app-dir/cache-components-dev-warmup/fixtures/with-prefetch-config/app/layout.tsx,tests
next.js,test/development/app-dir/cache-components-dev-warmup/fixtures/with-prefetch-config/app/page.tsx,tests
next.js,test/development/app-dir/cache-components-dev-warmup/fixtures/with-prefetch-config/app/private-cache/data-fetching.tsx,tests
next.js,test/development/app-dir/cache-components-dev-warmup/fixtures/with-prefetch-config/app/private-cache/layout.tsx,tests
next.js,test/development/app-dir/cache-components-dev-warmup/fixtures/with-prefetch-config/app/private-cache/page.tsx,tests
next.js,test/development/app-dir/cache-components-dev-warmup/fixtures/with-prefetch-config/app/revalidate/route.ts,tests
next.js,test/development/app-dir/cache-components-dev-warmup/fixtures/with-prefetch-config/app/short-lived-cache/data-fetching.tsx,tests
next.js,test/development/app-dir/cache-components-dev-warmup/fixtures/with-prefetch-config/app/short-lived-cache/layout.tsx,tests
next.js,test/development/app-dir/cache-components-dev-warmup/fixtures/with-prefetch-config/app/short-lived-cache/page.tsx,tests
next.js,test/development/app-dir/cache-components-dev-warmup/fixtures/with-prefetch-config/app/simple/layout.tsx,tests
next.js,test/development/app-dir/cache-components-dev-warmup/fixtures/with-prefetch-config/app/simple/loading.tsx,tests
next.js,test/development/app-dir/cache-components-dev-warmup/fixtures/with-prefetch-config/app/simple/page.tsx,tests
next.js,test/development/app-dir/cache-components-dev-warmup/fixtures/with-prefetch-config/app/successive-caches/page.tsx,tests
next.js,test/development/app-dir/cache-components-dev-warmup/fixtures/with-prefetch-config/app/sync-io/runtime/page.tsx,tests
next.js,test/development/app-dir/cache-components-dev-warmup/fixtures/with-prefetch-config/app/sync-io/static/page.tsx,tests
next.js,test/development/app-dir/cache-components-dev-warmup/fixtures/with-prefetch-config/next.config.ts,tests
next.js,test/development/app-dir/cache-components-dev-warmup/fixtures/without-prefetch-config/app/apis/[param]/page.tsx,tests
next.js,test/development/app-dir/cache-components-dev-warmup/fixtures/without-prefetch-config/app/data-fetching.tsx,tests
next.js,test/development/app-dir/cache-components-dev-warmup/fixtures/without-prefetch-config/app/layout.tsx,tests
next.js,test/development/app-dir/cache-components-dev-warmup/fixtures/without-prefetch-config/app/page.tsx,tests
next.js,test/development/app-dir/cache-components-dev-warmup/fixtures/without-prefetch-config/app/private-cache/data-fetching.tsx,tests
next.js,test/development/app-dir/cache-components-dev-warmup/fixtures/without-prefetch-config/app/private-cache/layout.tsx,tests
next.js,test/development/app-dir/cache-components-dev-warmup/fixtures/without-prefetch-config/app/private-cache/page.tsx,tests
next.js,test/development/app-dir/cache-components-dev-warmup/fixtures/without-prefetch-config/app/revalidate/route.ts,tests
next.js,test/development/app-dir/cache-components-dev-warmup/fixtures/without-prefetch-config/app/short-lived-cache/data-fetching.tsx,tests
next.js,test/development/app-dir/cache-components-dev-warmup/fixtures/without-prefetch-config/app/short-lived-cache/layout.tsx,tests
next.js,test/development/app-dir/cache-components-dev-warmup/fixtures/without-prefetch-config/app/short-lived-cache/page.tsx,tests
next.js,test/development/app-dir/cache-components-dev-warmup/fixtures/without-prefetch-config/app/simple/layout.tsx,tests
next.js,test/development/app-dir/cache-components-dev-warmup/fixtures/without-prefetch-config/app/simple/loading.tsx,tests
next.js,test/development/app-dir/cache-components-dev-warmup/fixtures/without-prefetch-config/app/simple/page.tsx,tests
next.js,test/development/app-dir/cache-components-dev-warmup/fixtures/without-prefetch-config/app/successive-caches/page.tsx,tests
next.js,test/development/app-dir/cache-components-dev-warmup/fixtures/without-prefetch-config/app/sync-io/runtime/page.tsx,tests
next.js,test/development/app-dir/cache-components-dev-warmup/fixtures/without-prefetch-config/app/sync-io/static/page.tsx,tests
next.js,test/development/app-dir/cache-components-dev-warmup/fixtures/without-prefetch-config/next.config.ts,tests
next.js,test/development/app-dir/cache-components-dev-warmup/next.config.ts,tests
next.js,test/development/app-dir/cache-components-warnings/next.config.js,tests
next.js,test/development/app-dir/cache-indicator/app/layout.tsx,tests
next.js,test/development/app-dir/cache-indicator/app/navigation/loading.tsx,tests
next.js,test/development/app-dir/cache-indicator/app/navigation/page.tsx,tests
next.js,test/development/app-dir/cache-indicator/app/page.tsx,tests
next.js,test/development/app-dir/cache-indicator/cache-indicator.test.ts,tests
next.js,test/development/app-dir/cache-indicator/next.config.js,tests
next.js,test/development/app-dir/capture-console-error-owner-stack/capture-console-error-owner-stack.test.ts,tests
next.js,test/development/app-dir/dev-fetch-hmr/tsconfig.json,tests
next.js,test/development/app-dir/dev-indicator/hide-button.test.ts,tests
next.js,test/development/app-dir/dev-indicator/route-type.test.ts,tests
next.js,test/development/app-dir/dev-output/app/layout.tsx,tests
next.js,test/development/app-dir/dev-output/app/page.tsx,tests
next.js,test/development/app-dir/dev-output/dev-output.test.ts,tests
next.js,test/development/app-dir/devtool-copy-button/devtool-copy-button.test.ts,tests
next.js,test/development/app-dir/devtools-position/utils.ts,tests
next.js,test/development/app-dir/edge-errors-hmr/index.test.ts,tests
next.js,test/development/app-dir/error-overlay/async-client-component/async-client-component.test.ts,tests
next.js,test/development/app-dir/error-overlay/cache-components-errors/app/blocking-page-load/page.tsx,tests
next.js,test/development/app-dir/error-overlay/cache-components-errors/app/layout.tsx,tests
next.js,test/development/app-dir/error-overlay/cache-components-errors/app/page.tsx,tests
next.js,test/development/app-dir/error-overlay/cache-components-errors/next.config.js,tests
next.js,test/development/app-dir/error-overlay/error-ignored-frames/error-ignored-frames.test.ts,tests
next.js,test/development/app-dir/experimental-lightningcss/tsconfig.json,tests
next.js,test/development/app-dir/externalize-node-binary-browser-error/externalize-node-binary-browser-error.test.ts,tests
next.js,test/development/app-dir/hmr-deleted-page/hmr-deleted-page.test.ts,tests
next.js,test/development/app-dir/hmr-move-file/hmr-move-file.test.ts,tests
next.js,test/development/app-dir/hmr-parallel-routes/hmr-parallel-routes.test.ts,tests
next.js,test/development/app-dir/hmr-shared-css/hmr-shared-css.test.ts,tests
next.js,test/development/app-dir/hmr-symlink/hmr-symlink.test.ts,tests
next.js,test/development/app-dir/hydration-error-count/hydration-error-count.test.ts,tests
next.js,test/development/app-dir/missing-required-html-tags/index.test.ts,tests
next.js,test/development/app-dir/next-after-app-invalid-usage/index.test.ts,tests
next.js,test/development/app-dir/owner-stack/owner-stack.test.ts,tests
next.js,test/development/app-dir/react-performance-track/app/cookies/page.tsx,tests
next.js,test/development/app-dir/react-performance-track/app/draftMode/page.tsx,tests
next.js,test/development/app-dir/react-performance-track/app/headers/page.tsx,tests
next.js,test/development/app-dir/react-performance-track/app/layout.tsx,tests
next.js,test/development/app-dir/react-performance-track/app/params/[slug]/page.tsx,tests
next.js,test/development/app-dir/react-performance-track/app/searchparams/page.tsx,tests
next.js,test/development/app-dir/react-performance-track/instrumentation-client.ts,tests
next.js,test/development/app-dir/react-performance-track/next.config.js,tests
next.js,test/development/app-dir/react-performance-track/react-performance-track.test.ts,tests
next.js,test/development/app-dir/serialize-circular-error/serialize-circular-error.test.ts,tests
next.js,test/development/app-dir/server-component-next-dynamic-ssr-false/server-component-next-dynamic-ssr-false.test.ts,tests
next.js,test/development/app-dir/server-components-hmr-cache/next.config.js,tests
next.js,test/development/app-dir/server-components-hmr-cache/server-components-hmr-cache.test.ts,tests
next.js,test/development/app-dir/server-components-hmr-cache/tsconfig.json,tests
next.js,test/development/app-dir/source-mapping/next.config.js,tests
next.js,test/development/app-dir/source-mapping/source-mapping.test.ts,tests
next.js,test/development/app-dir/ssr-in-rsc/ssr-in-rsc.test.ts,tests
next.js,test/development/app-dir/ssr-only-error/ssr-only-error.test.ts,tests
next.js,test/development/app-dir/typed-env/typed-env.test.ts,tests
next.js,test/development/app-dir/use-cache-errors/app/anonymous/page.tsx,tests
next.js,test/development/app-dir/use-cache-errors/use-cache-errors.test.ts,tests
next.js,test/development/basic/barrel-optimization/barrel-optimization-mui.test.ts,tests
next.js,test/development/basic/barrel-optimization/barrel-optimization-tremor.test.ts,tests
next.js,test/development/basic/barrel-optimization/barrel-optimization.test.ts,tests
next.js,test/development/basic/define-class-fields/fixture/tsconfig.json,tests
next.js,test/development/basic/gssp-ssr-change-reloading/test/index.test.ts,tests
next.js,test/development/basic/hmr/run-basic-hmr-test.util.ts,tests
next.js,test/development/basic/hmr/run-error-recovery-hmr-test.util.ts,tests
next.js,test/development/basic/hmr/run-hot-module-reload-hmr-test.util.ts,tests
next.js,test/development/basic/next-dynamic/next-dynamic.test.ts,tests
next.js,test/development/basic/project-directory-rename.test.ts,tests
next.js,test/development/client-dev-overlay/index.test.ts,tests
next.js,test/development/dev-indicator/dev-indicator.test.ts,tests
next.js,test/development/dev-indicator/dev-rendering-indicator.test.ts,tests
next.js,test/development/error-overlay/index.test.tsx,tests
next.js,test/development/jsconfig-path-reloading/index.test.ts,tests
next.js,test/development/lockfile/lockfile.test.ts,tests
next.js,test/development/mcp-server/fixtures/actions-app/next.config.js,tests
next.js,test/development/mcp-server/fixtures/default-template/next.config.js,tests
next.js,test/development/mcp-server/fixtures/dynamic-routes-app/app/api/users/[id]/route.ts,tests
next.js,test/development/mcp-server/fixtures/dynamic-routes-app/app/blog/[slug]/page.tsx,tests
next.js,test/development/mcp-server/fixtures/dynamic-routes-app/app/docs/[...slug]/page.tsx,tests
next.js,test/development/mcp-server/fixtures/dynamic-routes-app/app/layout.tsx,tests
next.js,test/development/mcp-server/fixtures/dynamic-routes-app/app/page.tsx,tests
next.js,test/development/mcp-server/fixtures/dynamic-routes-app/app/products/[id]/page.tsx,tests
next.js,test/development/mcp-server/fixtures/dynamic-routes-app/next.config.js,tests
next.js,test/development/mcp-server/fixtures/dynamic-routes-app/pages/about.tsx,tests
next.js,test/development/mcp-server/fixtures/dynamic-routes-app/pages/api/legacy.ts,tests
next.js,test/development/mcp-server/fixtures/dynamic-routes-app/pages/posts/[id].tsx,tests
next.js,test/development/mcp-server/fixtures/log-file-app/next.config.js,tests
next.js,test/development/mcp-server/fixtures/log-file-app/tsconfig.json,tests
next.js,test/development/mcp-server/fixtures/pages-router-template/next.config.js,tests
next.js,test/development/mcp-server/fixtures/parallel-routes-template/next.config.js,tests
next.js,test/development/mcp-server/mcp-server-get-errors.test.ts,tests
next.js,test/development/mcp-server/mcp-server-get-routes.test.ts,tests
next.js,test/development/mcp-server/mcp-server-telemetry.test.ts,tests
next.js,test/development/middleware-errors/index.test.ts,tests
next.js,test/development/next-font/build-errors.test.ts,tests
next.js,test/development/next-font/font-loader-in-document-error.test.ts,tests
next.js,test/development/pages-dir/client-navigation/foreign-history-manipulation.test.ts,tests
next.js,test/development/pages-dir/client-navigation/index.test.ts,tests
next.js,test/development/pages-dir/client-navigation/rendering.test.ts,tests
next.js,test/development/repeated-dev-edits/repeated-dev-edits.test.ts,tests
next.js,test/development/sass-error/index.test.ts,tests
next.js,test/development/tsconfig-path-reloading/app/tsconfig.json,tests
next.js,test/development/tsconfig-path-reloading/index.test.ts,tests
next.js,test/development/typescript-plugin/client-boundary/tsconfig.json,tests
next.js,test/development/typescript-plugin/metadata/tsconfig.json,tests
next.js,test/development/typescript-plugin/tsconfig.json,tests
next.js,test/e2e/api-resolver-query-writeable/api-resolver-query-writeable.test.ts,tests
next.js,test/e2e/api-resolver-query-writeable/pages/api/index.js,tests
next.js,test/e2e/api-resolver-query-writeable/server.js,tests
next.js,test/e2e/app-dir/action-in-pages-router/action-in-pages-router.test.ts,tests
next.js,test/e2e/app-dir/actions-allowed-origins/app-action-allowed-origins.test.ts,tests
next.js,test/e2e/app-dir/actions-streaming/actions-streaming.test.ts,tests
next.js,test/e2e/app-dir/actions-streaming/app/layout.tsx,tests
next.js,test/e2e/app-dir/actions-streaming/app/page.tsx,tests
next.js,test/e2e/app-dir/actions-streaming/app/readable-stream/actions.ts,tests
next.js,test/e2e/app-dir/actions-streaming/app/readable-stream/api/route.ts,tests
next.js,test/e2e/app-dir/actions-streaming/app/readable-stream/page.tsx,tests
next.js,test/e2e/app-dir/actions-streaming/next.config.js,tests
next.js,test/e2e/app-dir/actions/app-action.test.ts,tests
next.js,test/e2e/app-dir/actions/app/body-finalize/actions.js,tests
next.js,test/e2e/app-dir/actions/app/body-finalize/page.js,tests
next.js,test/e2e/app-dir/actions/components/DefaultLayout.tsx,tests
next.js,test/e2e/app-dir/actions/middleware-node.js,tests
next.js,test/e2e/app-dir/app-alias/src/app/typing/[slug]/page.tsx,tests
next.js,test/e2e/app-dir/app-alias/tsconfig.json,tests
next.js,test/e2e/app-dir/app-basepath/index.test.ts,tests
next.js,test/e2e/app-dir/app-catch-all-optional/app/[lang]/[flags]/[[...rest]]/page.tsx,tests
next.js,test/e2e/app-dir/app-client-cache/client-cache.parallel-routes.test.ts,tests
next.js,test/e2e/app-dir/app-compilation/index.test.ts,tests
next.js,test/e2e/app-dir/app-external/app-external.test.ts,tests
next.js,test/e2e/app-dir/app-inline-css/app/font-noto-sans.woff2,tests
next.js,test/e2e/app-dir/app-inline-css/app/font.ts,tests
next.js,test/e2e/app-dir/app-inline-css/app/global.css,tests
next.js,test/e2e/app-dir/app-inline-css/app/layout.tsx,tests
next.js,test/e2e/app-dir/app-inline-css/app/page.tsx,tests
next.js,test/e2e/app-dir/app-inline-css/index.test.ts,tests
next.js,test/e2e/app-dir/app-middleware-proxy/app-middleware-proxy.test.ts,tests
next.js,test/e2e/app-dir/app-middleware-proxy/proxy.js,tests
next.js,test/e2e/app-dir/app-middleware/app/middleware.js,tests
next.js,test/e2e/app-dir/app-middleware/app/proxy.js,tests
next.js,test/e2e/app-dir/app-prefetch/app/dashboard/[id]/page.js,tests
next.js,test/e2e/app-dir/app-prefetch/app/layout.js,tests
next.js,test/e2e/app-dir/app-prefetch/app/prefetch-auto-route-groups/layout.tsx,tests
next.js,test/e2e/app-dir/app-prefetch/app/prefetch-auto/[slug]/layout.js,tests
next.js,test/e2e/app-dir/app-prefetch/app/prefetch-auto/[slug]/page.js,tests
next.js,test/e2e/app-dir/app-prefetch/prefetching.stale-times.test.ts,tests
next.js,test/e2e/app-dir/app-prefetch/prefetching.test.ts,tests
next.js,test/e2e/app-dir/app-root-params-getters/fixtures/generate-static-params/next.config.ts,tests
next.js,test/e2e/app-dir/app-root-params-getters/fixtures/use-cache-runtime/app/[lang]/[locale]/unstable_cache/page.tsx,tests
next.js,test/e2e/app-dir/app-root-params-getters/simple.test.ts,tests
next.js,test/e2e/app-dir/app-root-params-getters/use-cache.test.ts,tests
next.js,test/e2e/app-dir/app-static/app-static.test.ts,tests
next.js,test/e2e/app-dir/app-static/app/dynamic-error/[id]/page.js,tests
next.js,test/e2e/app-dir/app-static/next.config.js,tests
next.js,test/e2e/app-dir/app/index.test.ts,tests
next.js,test/e2e/app-dir/back-forward-cache/app/page/[n]/page.tsx,tests
next.js,test/e2e/app-dir/back-forward-cache/next.config.js,tests
next.js,test/e2e/app-dir/cache-components-allow-otel-spans/cache-components-allow-otel-spans.test.ts,tests
next.js,test/e2e/app-dir/cache-components-allow-otel-spans/next.config.js,tests
next.js,test/e2e/app-dir/cache-components-bot-ua/next.config.js,tests
next.js,test/e2e/app-dir/cache-components-console/cache-components.console.test.ts,tests
next.js,test/e2e/app-dir/cache-components-console/fixtures/default/next.config.js,tests
next.js,test/e2e/app-dir/cache-components-console/fixtures/hide-logs-after-abort/next.config.js,tests
next.js,test/e2e/app-dir/cache-components-create-component-tree/cache-components-create-component-tree.test.ts,tests
next.js,test/e2e/app-dir/cache-components-create-component-tree/next.config.js,tests
next.js,test/e2e/app-dir/cache-components-dynamic-imports/bundled/next.config.js,tests
next.js,test/e2e/app-dir/cache-components-dynamic-imports/cache-components-dynamic-imports.test.ts,tests
next.js,test/e2e/app-dir/cache-components-dynamic-imports/external/next.config.js,tests
next.js,test/e2e/app-dir/cache-components-errors/cache-components-console-patch.test.ts,tests
next.js,test/e2e/app-dir/cache-components-errors/cache-components-dev-cache-bypass.test.ts,tests
next.js,test/e2e/app-dir/cache-components-errors/cache-components-errors.module-scope.test.ts,tests
next.js,test/e2e/app-dir/cache-components-errors/cache-components-errors.test.ts,tests
next.js,test/e2e/app-dir/cache-components-errors/cache-components-unstable-deprecations.test.ts,tests
next.js,test/e2e/app-dir/cache-components-errors/fixtures/console-patch/next.config.js,tests
next.js,test/e2e/app-dir/cache-components-errors/fixtures/default/app/dynamic-root/page.tsx,tests
next.js,test/e2e/app-dir/cache-components-errors/fixtures/default/app/use-cache-low-expire/layout.tsx,tests
next.js,test/e2e/app-dir/cache-components-errors/fixtures/default/app/use-cache-low-expire/page.tsx,tests
next.js,test/e2e/app-dir/cache-components-errors/fixtures/default/app/use-cache-params/[slug]/page.tsx,tests
next.js,test/e2e/app-dir/cache-components-errors/fixtures/default/app/use-cache-params/layout.tsx,tests
next.js,test/e2e/app-dir/cache-components-errors/fixtures/default/app/use-cache-revalidate-0/layout.tsx,tests
next.js,test/e2e/app-dir/cache-components-errors/fixtures/default/app/use-cache-revalidate-0/page.tsx,tests
next.js,test/e2e/app-dir/cache-components-errors/fixtures/default/next.config.js,tests
next.js,test/e2e/app-dir/cache-components-errors/fixtures/dev-cache-bypass/app/layout.tsx,tests
next.js,test/e2e/app-dir/cache-components-errors/fixtures/dev-cache-bypass/app/other/page.tsx,tests
next.js,test/e2e/app-dir/cache-components-errors/fixtures/dev-cache-bypass/app/page.tsx,tests
next.js,test/e2e/app-dir/cache-components-errors/fixtures/dev-cache-bypass/next.config.js,tests
next.js,test/e2e/app-dir/cache-components-errors/fixtures/lazy-module-init/next.config.js,tests
next.js,test/e2e/app-dir/cache-components-errors/fixtures/prospective-render-errors/next.config.js,tests
next.js,test/e2e/app-dir/cache-components-errors/fixtures/unstable-deprecations/app/layout.tsx,tests
next.js,test/e2e/app-dir/cache-components-errors/fixtures/unstable-deprecations/app/life/page.tsx,tests
next.js,test/e2e/app-dir/cache-components-errors/fixtures/unstable-deprecations/app/tag/page.tsx,tests
next.js,test/e2e/app-dir/cache-components-errors/fixtures/unstable-deprecations/next.config.js,tests
next.js,test/e2e/app-dir/cache-components-errors/fixtures/unstable-deprecations/patch-console.js,tests
next.js,test/e2e/app-dir/cache-components-errors/utils.ts,tests
next.js,test/e2e/app-dir/cache-components-request-apis/fixtures/reject-hanging-promises-dynamic/next.config.js,tests
next.js,test/e2e/app-dir/cache-components-request-apis/fixtures/reject-hanging-promises-static/next.config.js,tests
next.js,test/e2e/app-dir/cache-components-route-handler-errors/cache-components-route-handler-errors.test.ts,tests
next.js,test/e2e/app-dir/cache-components-route-handler-errors/next.config.js,tests
next.js,test/e2e/app-dir/cache-components-segment-configs/cache-components-edge-deduplication.test.ts,tests
next.js,test/e2e/app-dir/cache-components-segment-configs/cache-components-segment-configs.test.ts,tests
next.js,test/e2e/app-dir/cache-components-segment-configs/fixtures/default/app/dynamic-params/[slug]/page.tsx,tests
next.js,test/e2e/app-dir/cache-components-segment-configs/fixtures/default/app/dynamic/nested/page.tsx,tests
next.js,test/e2e/app-dir/cache-components-segment-configs/fixtures/default/app/dynamic/page.tsx,tests
next.js,test/e2e/app-dir/cache-components-segment-configs/fixtures/default/app/fetch-cache/page.tsx,tests
next.js,test/e2e/app-dir/cache-components-segment-configs/fixtures/default/app/layout.tsx,tests
next.js,test/e2e/app-dir/cache-components-segment-configs/fixtures/default/app/multiple/page.tsx,tests
next.js,test/e2e/app-dir/cache-components-segment-configs/fixtures/default/app/page.tsx,tests
next.js,test/e2e/app-dir/cache-components-segment-configs/fixtures/default/app/revalidate/page.tsx,tests
next.js,test/e2e/app-dir/cache-components-segment-configs/fixtures/default/app/runtime/page.tsx,tests
next.js,test/e2e/app-dir/cache-components-segment-configs/fixtures/default/next.config.js,tests
next.js,test/e2e/app-dir/cache-components-segment-configs/fixtures/edge-deduplication/app/edge-with-layout/edge/page.tsx,tests
next.js,test/e2e/app-dir/cache-components-segment-configs/fixtures/edge-deduplication/app/edge-with-layout/layout.tsx,tests
next.js,test/e2e/app-dir/cache-components-segment-configs/fixtures/edge-deduplication/app/layout.tsx,tests
next.js,test/e2e/app-dir/cache-components-segment-configs/fixtures/edge-deduplication/app/page.tsx,tests
next.js,test/e2e/app-dir/cache-components-segment-configs/fixtures/edge-deduplication/next.config.js,tests
next.js,test/e2e/app-dir/cache-components-segment-configs/next.config.js,tests
next.js,test/e2e/app-dir/cache-components/app/cases/dynamic_api_search_params_client/page.tsx,tests
next.js,test/e2e/app-dir/cache-components/app/node-crypto/random-int/between/cached/page.tsx,tests
next.js,test/e2e/app-dir/cache-components/app/node-crypto/random-int/up-to/cached/page.tsx,tests
next.js,test/e2e/app-dir/cache-components/cache-components.params.test.ts,tests
next.js,test/e2e/app-dir/cache-components/cache-components.search.test.ts,tests
next.js,test/e2e/app-dir/cache-components/cache-components.server-action.test.ts,tests
next.js,test/e2e/app-dir/cache-components/cache-components.test.ts,tests
next.js,test/e2e/app-dir/cache-components/next.config.js,tests
next.js,test/e2e/app-dir/css-media-query/app/layout.tsx,tests
next.js,test/e2e/app-dir/css-media-query/app/page.tsx,tests
next.js,test/e2e/app-dir/css-media-query/app/styles.css,tests
next.js,test/e2e/app-dir/css-media-query/css-media-query.test.ts,tests
next.js,test/e2e/app-dir/css-media-query/next.config.js,tests
next.js,test/e2e/app-dir/custom-cache-control/custom-cache-control.test.ts,tests
next.js,test/e2e/app-dir/duplicate-layout-components/duplicate-layout-components.test.ts,tests
next.js,test/e2e/app-dir/dynamic-data/dynamic-data.test.ts,tests
next.js,test/e2e/app-dir/error-on-next-codemod-comment/error-on-next-codemod-comment.test.ts,tests
next.js,test/e2e/app-dir/errors/index.test.ts,tests
next.js,test/e2e/app-dir/fallback-shells/fallback-shells.test.ts,tests
next.js,test/e2e/app-dir/fallback-shells/next.config.js,tests
next.js,test/e2e/app-dir/fetch-abort-on-refresh/app/(root1)/layout.tsx,tests
next.js,test/e2e/app-dir/fetch-abort-on-refresh/app/(root1)/mpa.tsx,tests
next.js,test/e2e/app-dir/fetch-abort-on-refresh/app/(root1)/page.tsx,tests
next.js,test/e2e/app-dir/fetch-abort-on-refresh/app/(root1)/slow-page/page.tsx,tests
next.js,test/e2e/app-dir/fetch-abort-on-refresh/app/(root2)/layout.tsx,tests
next.js,test/e2e/app-dir/fetch-abort-on-refresh/app/(root2)/other-root/page.tsx,tests
next.js,test/e2e/app-dir/fetch-abort-on-refresh/app/global-error.tsx,tests
next.js,test/e2e/app-dir/fetch-abort-on-refresh/fetch-abort-on-refresh.test.ts,tests
next.js,test/e2e/app-dir/forbidden/default/forbidden-default.test.ts,tests
next.js,test/e2e/app-dir/global-error/error-in-global-error/error-in-global-error.test.ts,tests
next.js,test/e2e/app-dir/global-error/with-style-import/index.test.ts,tests
next.js,test/e2e/app-dir/global-not-found/basic/global-not-found-basic.test.ts,tests
next.js,test/e2e/app-dir/global-not-found/cache-components/next.config.mjs,tests
next.js,test/e2e/app-dir/global-not-found/no-root-layout/no-root-layout.test.ts,tests
next.js,test/e2e/app-dir/i18n-hybrid/i18n-hybrid.test.ts,tests
next.js,test/e2e/app-dir/initial-css-order/app/global-not-found.tsx,tests
next.js,test/e2e/app-dir/initial-css-order/app/green.css,tests
next.js,test/e2e/app-dir/initial-css-order/app/layout.tsx,tests
next.js,test/e2e/app-dir/initial-css-order/app/page.ts,tests
next.js,test/e2e/app-dir/initial-css-order/app/red.css,tests
next.js,test/e2e/app-dir/initial-css-order/initial-css-order.test.ts,tests
next.js,test/e2e/app-dir/initial-css-order/next.config.js,tests
next.js,test/e2e/app-dir/interception-dynamic-segment-middleware/interception-dynamic-segment-middleware.test.ts,tests
next.js,test/e2e/app-dir/interception-dynamic-segment/app/@modal/(.)[username]/[id]/page.tsx,tests
next.js,test/e2e/app-dir/interception-dynamic-segment/app/@modal/(.)explicit-layout/deeper/page.tsx,tests
next.js,test/e2e/app-dir/interception-dynamic-segment/app/@modal/(.)explicit-layout/layout.tsx,tests
next.js,test/e2e/app-dir/interception-dynamic-segment/app/@modal/(.)has-both/@sidebar/page.tsx,tests
next.js,test/e2e/app-dir/interception-dynamic-segment/app/@modal/(.)has-both/page.tsx,tests
next.js,test/e2e/app-dir/interception-dynamic-segment/app/@modal/(.)has-page/page.tsx,tests
next.js,test/e2e/app-dir/interception-dynamic-segment/app/@modal/(.)no-parallel-routes/deeper/page.tsx,tests
next.js,test/e2e/app-dir/interception-dynamic-segment/app/@modal/(.)simple-page/page.tsx,tests
next.js,test/e2e/app-dir/interception-dynamic-segment/app/@modal/(.)test-nested/@sidebar/deeper/page.tsx,tests
next.js,test/e2e/app-dir/interception-dynamic-segment/app/@modal/(.)test-nested/@sidebar/page.tsx,tests
next.js,test/e2e/app-dir/interception-dynamic-segment/app/@modal/(.)test-nested/deeper/@panel/page.tsx,tests
next.js,test/e2e/app-dir/interception-dynamic-segment/app/@modal/(.)test-nested/layout.tsx,tests
next.js,test/e2e/app-dir/interception-dynamic-segment/app/explicit-layout/deeper/page.tsx,tests
next.js,test/e2e/app-dir/interception-dynamic-segment/app/explicit-layout/layout.tsx,tests
next.js,test/e2e/app-dir/interception-dynamic-segment/app/has-both/@sidebar/page.tsx,tests
next.js,test/e2e/app-dir/interception-dynamic-segment/app/has-both/layout.tsx,tests
next.js,test/e2e/app-dir/interception-dynamic-segment/app/has-both/page.tsx,tests
next.js,test/e2e/app-dir/interception-dynamic-segment/app/has-page/page.tsx,tests
next.js,test/e2e/app-dir/interception-dynamic-segment/app/layout.tsx,tests
next.js,test/e2e/app-dir/interception-dynamic-segment/app/no-parallel-routes/deeper/page.tsx,tests
next.js,test/e2e/app-dir/interception-dynamic-segment/app/page.client.tsx,tests
next.js,test/e2e/app-dir/interception-dynamic-segment/app/page.tsx,tests
next.js,test/e2e/app-dir/interception-dynamic-segment/app/regular-route/@sidebar/default.tsx,tests
next.js,test/e2e/app-dir/interception-dynamic-segment/app/regular-route/@sidebar/page.tsx,tests
next.js,test/e2e/app-dir/interception-dynamic-segment/app/regular-route/deeper/page.tsx,tests
next.js,test/e2e/app-dir/interception-dynamic-segment/app/regular-route/layout.tsx,tests
next.js,test/e2e/app-dir/interception-dynamic-segment/app/simple-page/page.tsx,tests
next.js,test/e2e/app-dir/interception-dynamic-segment/app/test-nested/@sidebar/deeper/page.tsx,tests
next.js,test/e2e/app-dir/interception-dynamic-segment/app/test-nested/@sidebar/page.tsx,tests
next.js,test/e2e/app-dir/interception-dynamic-segment/app/test-nested/deeper/page.tsx,tests
next.js,test/e2e/app-dir/interception-dynamic-segment/app/test-nested/layout.tsx,tests
next.js,test/e2e/app-dir/interception-dynamic-segment/app/test-nested/page.tsx,tests
next.js,test/e2e/app-dir/interception-dynamic-segment/interception-dynamic-segment.test.ts,tests
next.js,test/e2e/app-dir/interception-dynamic-single-segment/app/@modal/(.)[a]/[b]/[c]/item/page.tsx,tests
next.js,test/e2e/app-dir/interception-dynamic-single-segment/app/@modal/(.)admin/dashboard/users/new/page.tsx,tests
next.js,test/e2e/app-dir/interception-dynamic-single-segment/app/@modal/(.)groups/[id]/new/page.tsx,tests
next.js,test/e2e/app-dir/interception-dynamic-single-segment/app/@modal/(.)org/[orgId]/team/[teamId]/settings/page.tsx,tests
next.js,test/e2e/app-dir/interception-dynamic-single-segment/app/@modal/[a]/[b]/[c]/page.tsx,tests
next.js,test/e2e/app-dir/interception-dynamic-single-segment/app/@modal/admin/dashboard/users/page.tsx,tests
next.js,test/e2e/app-dir/interception-dynamic-single-segment/app/@modal/default.tsx,tests
next.js,test/e2e/app-dir/interception-dynamic-single-segment/app/@modal/groups/[id]/page.tsx,tests
next.js,test/e2e/app-dir/interception-dynamic-single-segment/app/@modal/org/[orgId]/team/[teamId]/page.tsx,tests
next.js,test/e2e/app-dir/interception-dynamic-single-segment/app/[a]/[b]/[c]/item/page.tsx,tests
next.js,test/e2e/app-dir/interception-dynamic-single-segment/app/[a]/[b]/[c]/page.tsx,tests
next.js,test/e2e/app-dir/interception-dynamic-single-segment/app/admin/dashboard/users/new/page.tsx,tests
next.js,test/e2e/app-dir/interception-dynamic-single-segment/app/admin/dashboard/users/page.tsx,tests
next.js,test/e2e/app-dir/interception-dynamic-single-segment/app/default.tsx,tests
next.js,test/e2e/app-dir/interception-dynamic-single-segment/app/groups/[id]/new/page.tsx,tests
next.js,test/e2e/app-dir/interception-dynamic-single-segment/app/groups/[id]/page.tsx,tests
next.js,test/e2e/app-dir/interception-dynamic-single-segment/app/layout.tsx,tests
next.js,test/e2e/app-dir/interception-dynamic-single-segment/app/org/[orgId]/team/[teamId]/page.tsx,tests
next.js,test/e2e/app-dir/interception-dynamic-single-segment/app/org/[orgId]/team/[teamId]/settings/page.tsx,tests
next.js,test/e2e/app-dir/interception-dynamic-single-segment/app/page.tsx,tests
next.js,test/e2e/app-dir/interception-dynamic-single-segment/interception-dynamic-single-segment.test.ts,tests
next.js,test/e2e/app-dir/interception-dynamic-single-segment/next.config.js,tests
next.js,test/e2e/app-dir/interception-middleware-rewrite/tsconfig.json,tests
next.js,test/e2e/app-dir/interception-segments-two-levels-above/interception-segments-two-levels-above.test.ts,tests
next.js,test/e2e/app-dir/loader-file-named-export-custom-loader-error/loader-file-named-export-custom-loader-error.test.ts,tests
next.js,test/e2e/app-dir/log-file/next.config.js,tests
next.js,test/e2e/app-dir/logging/fetch-logging.test.ts,tests
next.js,test/e2e/app-dir/mdx/app/recma-plugin/page.mdx,tests
next.js,test/e2e/app-dir/mdx/mdx.test.ts,tests
next.js,test/e2e/app-dir/mdx/next.config.ts,tests
next.js,test/e2e/app-dir/metadata-icons/app/custom-icon/delay-icons/page.tsx,tests
next.js,test/e2e/app-dir/metadata-invalid-image-file/metadata-invalid-image-file.test.ts,tests
next.js,test/e2e/app-dir/metadata-route-like-pages/metadata-route-like-pages.test.ts,tests
next.js,test/e2e/app-dir/metadata-static-file/metadata-static-file-dynamic-route.test.ts,tests
next.js,test/e2e/app-dir/metadata-static-file/metadata-static-file-group-route.test.ts,tests
next.js,test/e2e/app-dir/metadata-static-file/metadata-static-file-intercepting-route.test.ts,tests
next.js,test/e2e/app-dir/metadata-static-file/metadata-static-file-parallel-route.test.ts,tests
next.js,test/e2e/app-dir/metadata-static-file/metadata-static-file-root-route.test.ts,tests
next.js,test/e2e/app-dir/metadata-static-file/metadata-static-file-static-route.test.ts,tests
next.js,test/e2e/app-dir/metadata-static-generation/metadata-static-generation.test.ts,tests
next.js,test/e2e/app-dir/metadata-streaming-static-generation/metadata-streaming-static-generation.test.ts,tests
next.js,test/e2e/app-dir/metadata-suspense/tsconfig.json,tests
next.js,test/e2e/app-dir/middleware-rewrite-catchall-priority-with-parallel-route/middleware-rewrite-catchall-priority-with-parallel-route.test.ts,tests
next.js,test/e2e/app-dir/missing-suspense-with-csr-bailout/missing-suspense-with-csr-bailout.test.ts,tests
next.js,test/e2e/app-dir/modularizeimports/tsconfig.json,tests
next.js,test/e2e/app-dir/next-after-app-api-usage/index.test.ts,tests
next.js,test/e2e/app-dir/next-after-app-deploy/index.test.ts,tests
next.js,test/e2e/app-dir/next-after-app-static/generate-static-params-error/index.test.ts,tests
next.js,test/e2e/app-dir/next-after-app-static/generate-static-params/index.test.ts,tests
next.js,test/e2e/app-dir/next-after-pages/index.test.ts,tests
next.js,test/e2e/app-dir/next-condition/fixtures/instrumentation/.gitignore,tests
next.js,test/e2e/app-dir/next-condition/fixtures/instrumentation/app/layout.tsx,tests
next.js,test/e2e/app-dir/next-condition/fixtures/instrumentation/app/page.tsx,tests
next.js,test/e2e/app-dir/next-condition/fixtures/instrumentation/instrumentation.ts,tests
next.js,test/e2e/app-dir/next-condition/fixtures/instrumentation/next.config.js,tests
next.js,test/e2e/app-dir/next-condition/fixtures/instrumentation/package.json,tests
next.js,test/e2e/app-dir/next-condition/fixtures/instrumentation/packages.d.ts,tests
next.js,test/e2e/app-dir/next-condition/fixtures/instrumentation/sym-linked-packages,tests
next.js,test/e2e/app-dir/next-condition/fixtures/middleware/.gitignore,tests
next.js,test/e2e/app-dir/next-condition/fixtures/middleware/app/layout.tsx,tests
next.js,test/e2e/app-dir/next-condition/fixtures/middleware/app/page.tsx,tests
next.js,test/e2e/app-dir/next-condition/fixtures/middleware/middleware.ts,tests
next.js,test/e2e/app-dir/next-condition/fixtures/middleware/next.config.js,tests
next.js,test/e2e/app-dir/next-condition/fixtures/middleware/package.json,tests
next.js,test/e2e/app-dir/next-condition/fixtures/middleware/packages.d.ts,tests
next.js,test/e2e/app-dir/next-condition/fixtures/middleware/sym-linked-packages,tests
next.js,test/e2e/app-dir/next-condition/fixtures/proxy/.gitignore,tests
next.js,test/e2e/app-dir/next-condition/fixtures/proxy/app/layout.tsx,tests
next.js,test/e2e/app-dir/next-condition/fixtures/proxy/app/page.tsx,tests
next.js,test/e2e/app-dir/next-condition/fixtures/proxy/next.config.js,tests
next.js,test/e2e/app-dir/next-condition/fixtures/proxy/package.json,tests
next.js,test/e2e/app-dir/next-condition/fixtures/proxy/packages.d.ts,tests
next.js,test/e2e/app-dir/next-condition/fixtures/proxy/proxy.ts,tests
next.js,test/e2e/app-dir/next-condition/fixtures/proxy/sym-linked-packages,tests
next.js,test/e2e/app-dir/next-condition/fixtures/render/.gitignore,tests
next.js,test/e2e/app-dir/next-condition/fixtures/render/app/cjs/client.tsx,tests
next.js,test/e2e/app-dir/next-condition/fixtures/render/app/cjs/page.tsx,tests
next.js,test/e2e/app-dir/next-condition/fixtures/render/app/esm/client.tsx,tests
next.js,test/e2e/app-dir/next-condition/fixtures/render/app/esm/page.tsx,tests
next.js,test/e2e/app-dir/next-condition/fixtures/render/app/external-cjs/client.tsx,tests
next.js,test/e2e/app-dir/next-condition/fixtures/render/app/external-cjs/page.tsx,tests
next.js,test/e2e/app-dir/next-condition/fixtures/render/app/external-esm/client.tsx,tests
next.js,test/e2e/app-dir/next-condition/fixtures/render/app/external-esm/page.tsx,tests
next.js,test/e2e/app-dir/next-condition/fixtures/render/app/layout.tsx,tests
next.js,test/e2e/app-dir/next-condition/fixtures/render/next.config.js,tests
next.js,test/e2e/app-dir/next-condition/fixtures/render/package.json,tests
next.js,test/e2e/app-dir/next-condition/fixtures/render/packages.d.ts,tests
next.js,test/e2e/app-dir/next-condition/fixtures/render/sym-linked-packages,tests
next.js,test/e2e/app-dir/next-condition/next-condition.test.ts,tests
next.js,test/e2e/app-dir/next-condition/node_modules/.modules.yaml,tests
next.js,test/e2e/app-dir/next-condition/node_modules/.pnpm/lock.yaml,tests
next.js,test/e2e/app-dir/next-condition/node_modules/.pnpm/my-cjs-package@file+packages+my-cjs-package/node_modules/my-cjs-package/package.json,tests
next.js,test/e2e/app-dir/next-condition/node_modules/.pnpm/my-cjs-package@file+packages+my-cjs-package/node_modules/my-cjs-package/src/exports.default.default.cjs,tests
next.js,test/e2e/app-dir/next-condition/node_modules/.pnpm/my-cjs-package@file+packages+my-cjs-package/node_modules/my-cjs-package/src/exports.default.server.cjs,tests
next.js,test/e2e/app-dir/next-condition/node_modules/.pnpm/my-cjs-package@file+packages+my-cjs-package/node_modules/my-cjs-package/src/exports.next.default.cjs,tests
next.js,test/e2e/app-dir/next-condition/node_modules/.pnpm/my-cjs-package@file+packages+my-cjs-package/node_modules/my-cjs-package/src/exports.next.server.cjs,tests
next.js,test/e2e/app-dir/next-condition/node_modules/.pnpm/my-cjs-package@file+packages+my-cjs-package/node_modules/my-cjs-package/src/imports.cjs,tests
next.js,test/e2e/app-dir/next-condition/node_modules/.pnpm/my-cjs-package@file+packages+my-cjs-package/node_modules/my-cjs-package/src/imports/imports.default.default.cjs,tests
next.js,test/e2e/app-dir/next-condition/node_modules/.pnpm/my-cjs-package@file+packages+my-cjs-package/node_modules/my-cjs-package/src/imports/imports.default.server.cjs,tests
next.js,test/e2e/app-dir/next-condition/node_modules/.pnpm/my-cjs-package@file+packages+my-cjs-package/node_modules/my-cjs-package/src/imports/imports.next.default.cjs,tests
next.js,test/e2e/app-dir/next-condition/node_modules/.pnpm/my-cjs-package@file+packages+my-cjs-package/node_modules/my-cjs-package/src/imports/imports.next.server.cjs,tests
next.js,test/e2e/app-dir/next-condition/node_modules/.pnpm/my-esm-package@file+packages+my-esm-package/node_modules/my-esm-package/package.json,tests
next.js,test/e2e/app-dir/next-condition/node_modules/.pnpm/my-esm-package@file+packages+my-esm-package/node_modules/my-esm-package/src/exports.default.default.mjs,tests
next.js,test/e2e/app-dir/next-condition/node_modules/.pnpm/my-esm-package@file+packages+my-esm-package/node_modules/my-esm-package/src/exports.default.server.mjs,tests
next.js,test/e2e/app-dir/next-condition/node_modules/.pnpm/my-esm-package@file+packages+my-esm-package/node_modules/my-esm-package/src/exports.next.default.mjs,tests
next.js,test/e2e/app-dir/next-condition/node_modules/.pnpm/my-esm-package@file+packages+my-esm-package/node_modules/my-esm-package/src/exports.next.server.mjs,tests
next.js,test/e2e/app-dir/next-condition/node_modules/.pnpm/my-esm-package@file+packages+my-esm-package/node_modules/my-esm-package/src/imports.mjs,tests
next.js,test/e2e/app-dir/next-condition/node_modules/.pnpm/my-esm-package@file+packages+my-esm-package/node_modules/my-esm-package/src/imports/imports.default.default.mjs,tests
next.js,test/e2e/app-dir/next-condition/node_modules/.pnpm/my-esm-package@file+packages+my-esm-package/node_modules/my-esm-package/src/imports/imports.default.server.mjs,tests
next.js,test/e2e/app-dir/next-condition/node_modules/.pnpm/my-esm-package@file+packages+my-esm-package/node_modules/my-esm-package/src/imports/imports.next.default.mjs,tests
next.js,test/e2e/app-dir/next-condition/node_modules/.pnpm/my-esm-package@file+packages+my-esm-package/node_modules/my-esm-package/src/imports/imports.next.server.mjs,tests
next.js,test/e2e/app-dir/next-condition/node_modules/.pnpm/my-external-cjs-package@file+packages+my-external-cjs-package/node_modules/my-external-cjs-package/package.json,tests
next.js,test/e2e/app-dir/next-condition/node_modules/.pnpm/my-external-cjs-package@file+packages+my-external-cjs-package/node_modules/my-external-cjs-package/src/exports.default.default.cjs,tests
next.js,test/e2e/app-dir/next-condition/node_modules/.pnpm/my-external-cjs-package@file+packages+my-external-cjs-package/node_modules/my-external-cjs-package/src/exports.default.server.cjs,tests
next.js,test/e2e/app-dir/next-condition/node_modules/.pnpm/my-external-cjs-package@file+packages+my-external-cjs-package/node_modules/my-external-cjs-package/src/exports.next.default.cjs,tests
next.js,test/e2e/app-dir/next-condition/node_modules/.pnpm/my-external-cjs-package@file+packages+my-external-cjs-package/node_modules/my-external-cjs-package/src/exports.next.server.cjs,tests
next.js,test/e2e/app-dir/next-condition/node_modules/.pnpm/my-external-cjs-package@file+packages+my-external-cjs-package/node_modules/my-external-cjs-package/src/imports.cjs,tests
next.js,test/e2e/app-dir/next-condition/node_modules/.pnpm/my-external-cjs-package@file+packages+my-external-cjs-package/node_modules/my-external-cjs-package/src/imports/imports.default.default.cjs,tests
next.js,test/e2e/app-dir/next-condition/node_modules/.pnpm/my-external-cjs-package@file+packages+my-external-cjs-package/node_modules/my-external-cjs-package/src/imports/imports.default.server.cjs,tests
next.js,test/e2e/app-dir/next-condition/node_modules/.pnpm/my-external-cjs-package@file+packages+my-external-cjs-package/node_modules/my-external-cjs-package/src/imports/imports.next.default.cjs,tests
next.js,test/e2e/app-dir/next-condition/node_modules/.pnpm/my-external-cjs-package@file+packages+my-external-cjs-package/node_modules/my-external-cjs-package/src/imports/imports.next.server.cjs,tests
next.js,test/e2e/app-dir/next-condition/node_modules/.pnpm/my-external-esm-package@file+packages+my-external-esm-package/node_modules/my-external-esm-package/package.json,tests
next.js,test/e2e/app-dir/next-condition/node_modules/.pnpm/my-external-esm-package@file+packages+my-external-esm-package/node_modules/my-external-esm-package/src/exports.default.default.mjs,tests
next.js,test/e2e/app-dir/next-condition/node_modules/.pnpm/my-external-esm-package@file+packages+my-external-esm-package/node_modules/my-external-esm-package/src/exports.default.server.mjs,tests
next.js,test/e2e/app-dir/next-condition/node_modules/.pnpm/my-external-esm-package@file+packages+my-external-esm-package/node_modules/my-external-esm-package/src/exports.next.default.mjs,tests
next.js,test/e2e/app-dir/next-condition/node_modules/.pnpm/my-external-esm-package@file+packages+my-external-esm-package/node_modules/my-external-esm-package/src/exports.next.server.mjs,tests
next.js,test/e2e/app-dir/next-condition/node_modules/.pnpm/my-external-esm-package@file+packages+my-external-esm-package/node_modules/my-external-esm-package/src/imports.mjs,tests
next.js,test/e2e/app-dir/next-condition/node_modules/.pnpm/my-external-esm-package@file+packages+my-external-esm-package/node_modules/my-external-esm-package/src/imports/imports.default.default.mjs,tests
next.js,test/e2e/app-dir/next-condition/node_modules/.pnpm/my-external-esm-package@file+packages+my-external-esm-package/node_modules/my-external-esm-package/src/imports/imports.default.server.mjs,tests
next.js,test/e2e/app-dir/next-condition/node_modules/.pnpm/my-external-esm-package@file+packages+my-external-esm-package/node_modules/my-external-esm-package/src/imports/imports.next.default.mjs,tests
next.js,test/e2e/app-dir/next-condition/node_modules/.pnpm/my-external-esm-package@file+packages+my-external-esm-package/node_modules/my-external-esm-package/src/imports/imports.next.server.mjs,tests
next.js,test/e2e/app-dir/next-condition/node_modules/my-cjs-package,tests
next.js,test/e2e/app-dir/next-condition/node_modules/my-esm-package,tests
next.js,test/e2e/app-dir/next-condition/node_modules/my-external-cjs-package,tests
next.js,test/e2e/app-dir/next-condition/node_modules/my-external-esm-package,tests
next.js,test/e2e/app-dir/next-condition/package.json,tests
next.js,test/e2e/app-dir/next-font/next-font.test.ts,tests
next.js,test/e2e/app-dir/node-extensions/fixtures/random/cache-components/next.config.js,tests
next.js,test/e2e/app-dir/non-root-project-monorepo/non-root-project-monorepo.test.ts,tests
next.js,test/e2e/app-dir/not-found-default/index.test.ts,tests
next.js,test/e2e/app-dir/not-found-with-layout-and-group-not-found/index.test.ts,tests
next.js,test/e2e/app-dir/not-found-with-nested-layouts/index.test.ts,tests
next.js,test/e2e/app-dir/not-found-with-pages-i18n/app/app-dir/[[...slug]]/page.tsx,tests
next.js,test/e2e/app-dir/not-found/default/default.test.ts,tests
next.js,test/e2e/app-dir/parallel-route-navigations/parallel-route-navigations.test.ts,tests
next.js,test/e2e/app-dir/parallel-routes-and-interception/tsconfig.json,tests
next.js,test/e2e/app-dir/parallel-routes-catchall-slotted-non-catchalls/app/[locale]/@slot/default.tsx,tests
next.js,test/e2e/app-dir/parallel-routes-catchall-slotted-non-catchalls/app/[locale]/@slot/other/page.tsx,tests
next.js,test/e2e/app-dir/parallel-routes-catchall-slotted-non-catchalls/app/[locale]/layout.tsx,tests
next.js,test/e2e/app-dir/parallel-routes-catchall-slotted-non-catchalls/app/layout.tsx,tests
next.js,test/e2e/app-dir/parallel-routes-css/parallel-routes-css.test.ts,tests
next.js,test/e2e/app-dir/parallel-routes-leaf-segments/fixtures/build-error/README.md,tests
next.js,test/e2e/app-dir/parallel-routes-leaf-segments/fixtures/build-error/app/layout.tsx,tests
next.js,test/e2e/app-dir/parallel-routes-leaf-segments/fixtures/build-error/app/page.tsx,tests
next.js,test/e2e/app-dir/parallel-routes-leaf-segments/fixtures/build-error/app/with-children/@header/page.tsx,tests
next.js,test/e2e/app-dir/parallel-routes-leaf-segments/fixtures/build-error/app/with-children/child/page.tsx,tests
next.js,test/e2e/app-dir/parallel-routes-leaf-segments/fixtures/build-error/app/with-children/layout.tsx,tests
next.js,test/e2e/app-dir/parallel-routes-leaf-segments/fixtures/build-error/app/with-children/page.tsx,tests
next.js,test/e2e/app-dir/parallel-routes-leaf-segments/fixtures/build-error/app/with-groups-and-children/(dashboard)/(overview)/@metrics/page.tsx,tests
next.js,test/e2e/app-dir/parallel-routes-leaf-segments/fixtures/build-error/app/with-groups-and-children/(dashboard)/(overview)/layout.tsx,tests
next.js,test/e2e/app-dir/parallel-routes-leaf-segments/fixtures/build-error/app/with-groups-and-children/(dashboard)/(overview)/nested/page.tsx,tests
next.js,test/e2e/app-dir/parallel-routes-leaf-segments/fixtures/build-error/app/with-groups-and-children/(dashboard)/(overview)/page.tsx,tests
next.js,test/e2e/app-dir/parallel-routes-leaf-segments/fixtures/no-build-error/app/catch-all-with-parallel/[...slug]/@footer/not/routable/component.tsx,tests
next.js,test/e2e/app-dir/parallel-routes-leaf-segments/fixtures/no-build-error/app/catch-all-with-parallel/[...slug]/@footer/page.tsx,tests
next.js,test/e2e/app-dir/parallel-routes-leaf-segments/fixtures/no-build-error/app/catch-all-with-parallel/[...slug]/@header/page.tsx,tests
next.js,test/e2e/app-dir/parallel-routes-leaf-segments/fixtures/no-build-error/app/catch-all-with-parallel/[...slug]/layout.tsx,tests
next.js,test/e2e/app-dir/parallel-routes-leaf-segments/fixtures/no-build-error/app/catch-all-with-parallel/[...slug]/page.tsx,tests
next.js,test/e2e/app-dir/parallel-routes-leaf-segments/fixtures/no-build-error/app/catch-all-with-parallel/loading.tsx,tests
next.js,test/e2e/app-dir/parallel-routes-leaf-segments/fixtures/no-build-error/app/layout.tsx,tests
next.js,test/e2e/app-dir/parallel-routes-leaf-segments/fixtures/no-build-error/app/leaf-segment/@header/page.tsx,tests
next.js,test/e2e/app-dir/parallel-routes-leaf-segments/fixtures/no-build-error/app/leaf-segment/@metrics/page.tsx,tests
next.js,test/e2e/app-dir/parallel-routes-leaf-segments/fixtures/no-build-error/app/leaf-segment/@sidebar/page.tsx,tests
next.js,test/e2e/app-dir/parallel-routes-leaf-segments/fixtures/no-build-error/app/leaf-segment/layout.tsx,tests
next.js,test/e2e/app-dir/parallel-routes-leaf-segments/fixtures/no-build-error/app/leaf-segment/page.tsx,tests
next.js,test/e2e/app-dir/parallel-routes-leaf-segments/fixtures/no-build-error/app/leaf-with-groups/(dashboard)/(sections)/@analytics/page.tsx,tests
next.js,test/e2e/app-dir/parallel-routes-leaf-segments/fixtures/no-build-error/app/leaf-with-groups/(dashboard)/(sections)/@reports/page.tsx,tests
next.js,test/e2e/app-dir/parallel-routes-leaf-segments/fixtures/no-build-error/app/leaf-with-groups/(dashboard)/(sections)/layout.tsx,tests
next.js,test/e2e/app-dir/parallel-routes-leaf-segments/fixtures/no-build-error/app/leaf-with-groups/(dashboard)/(sections)/page.tsx,tests
next.js,test/e2e/app-dir/parallel-routes-leaf-segments/fixtures/no-build-error/app/no-children/@slot/other/page.tsx,tests
next.js,test/e2e/app-dir/parallel-routes-leaf-segments/fixtures/no-build-error/app/no-children/default.tsx,tests
next.js,test/e2e/app-dir/parallel-routes-leaf-segments/fixtures/no-build-error/app/no-children/layout.tsx,tests
next.js,test/e2e/app-dir/parallel-routes-leaf-segments/fixtures/no-build-error/app/page.tsx,tests
next.js,test/e2e/app-dir/parallel-routes-leaf-segments/parallel-routes-leaf-segments.build-error.test.ts,tests
next.js,test/e2e/app-dir/parallel-routes-leaf-segments/parallel-routes-leaf-segments.no-build-error.test.ts,tests
next.js,test/e2e/app-dir/parallel-routes-not-found/tsconfig.json,tests
next.js,test/e2e/app-dir/ppr-errors/next.config.js,tests
next.js,test/e2e/app-dir/ppr-full/next.config.js,tests
next.js,test/e2e/app-dir/ppr-history-replace-state/next.config.js,tests
next.js,test/e2e/app-dir/ppr-metadata-blocking/next.config.js,tests
next.js,test/e2e/app-dir/ppr-metadata-streaming/next.config.js,tests
next.js,test/e2e/app-dir/ppr-middleware-rewrite-force-dynamic-ssg-dynamic-params/next.config.js,tests
next.js,test/e2e/app-dir/ppr-missing-root-params/fixtures/multiple/next.config.js,tests
next.js,test/e2e/app-dir/ppr-missing-root-params/fixtures/nested/next.config.js,tests
next.js,test/e2e/app-dir/ppr-missing-root-params/fixtures/single/next.config.js,tests
next.js,test/e2e/app-dir/ppr-navigations/avoid-popstate-flash/next.config.js,tests
next.js,test/e2e/app-dir/ppr-navigations/prefetch-navigation/next.config.js,tests
next.js,test/e2e/app-dir/ppr-navigations/search-params/next.config.js,tests
next.js,test/e2e/app-dir/ppr-navigations/stale-prefetch-entry/next.config.js,tests
next.js,test/e2e/app-dir/ppr-partial-hydration/app/with-shell/with-streaming-metadata/page.tsx,tests
next.js,test/e2e/app-dir/ppr-partial-hydration/app/with-shell/without-metadata/page.tsx,tests
next.js,test/e2e/app-dir/ppr-partial-hydration/app/without-shell/with-streaming-metadata/page.tsx,tests
next.js,test/e2e/app-dir/ppr-partial-hydration/app/without-shell/without-metadata/page.tsx,tests
next.js,test/e2e/app-dir/ppr-partial-hydration/next.config.ts,tests
next.js,test/e2e/app-dir/ppr-partial-hydration/ppr-partial-hydration.test.ts,tests
next.js,test/e2e/app-dir/ppr-partial-hydration/waitForMarkerFile.ts,tests
next.js,test/e2e/app-dir/ppr-unstable-cache/next.config.js,tests
next.js,test/e2e/app-dir/ppr/next.config.js,tests
next.js,test/e2e/app-dir/proxy-missing-export/app/layout.tsx,tests
next.js,test/e2e/app-dir/proxy-missing-export/app/page.tsx,tests
next.js,test/e2e/app-dir/proxy-missing-export/next.config.js,tests
next.js,test/e2e/app-dir/proxy-missing-export/proxy-missing-export.test.ts,tests
next.js,test/e2e/app-dir/proxy-nfc-traced/app/layout.tsx,tests
next.js,test/e2e/app-dir/proxy-nfc-traced/app/page.tsx,tests
next.js,test/e2e/app-dir/proxy-nfc-traced/next.config.js,tests
next.js,test/e2e/app-dir/proxy-nfc-traced/proxy-nfc-traced.test.ts,tests
next.js,test/e2e/app-dir/proxy-nfc-traced/proxy.ts,tests
next.js,test/e2e/app-dir/proxy-runtime-nodejs/app/layout.tsx,tests
next.js,test/e2e/app-dir/proxy-runtime-nodejs/app/page.tsx,tests
next.js,test/e2e/app-dir/proxy-runtime-nodejs/next.config.js,tests
next.js,test/e2e/app-dir/proxy-runtime-nodejs/proxy-runtime-nodejs.test.ts,tests
next.js,test/e2e/app-dir/proxy-runtime-nodejs/proxy.ts,tests
next.js,test/e2e/app-dir/proxy-runtime-nodejs/redirect-path.txt,tests
next.js,test/e2e/app-dir/proxy-runtime/app/layout.tsx,tests
next.js,test/e2e/app-dir/proxy-runtime/app/page.tsx,tests
next.js,test/e2e/app-dir/proxy-runtime/next.config.js,tests
next.js,test/e2e/app-dir/proxy-runtime/proxy-runtime.test.ts,tests
next.js,test/e2e/app-dir/proxy-runtime/proxy.ts,tests
next.js,test/e2e/app-dir/proxy-with-middleware/proxy-with-middleware.test.ts,tests
next.js,test/e2e/app-dir/react-max-headers-length/next.config.js,tests
next.js,test/e2e/app-dir/refresh/app/redirect-and-refresh/actions.ts,tests
next.js,test/e2e/app-dir/refresh/app/redirect-and-refresh/foo/page.tsx,tests
next.js,test/e2e/app-dir/refresh/app/redirect-and-refresh/layout.tsx,tests
next.js,test/e2e/app-dir/refresh/app/redirect-and-refresh/page.tsx,tests
next.js,test/e2e/app-dir/refresh/app/refresh/page.tsx,tests
next.js,test/e2e/app-dir/refresh/next.config.js,tests
next.js,test/e2e/app-dir/refresh/refresh.test.ts,tests
next.js,test/e2e/app-dir/resume-data-cache/app/layout.tsx,tests
next.js,test/e2e/app-dir/resume-data-cache/app/page.tsx,tests
next.js,test/e2e/app-dir/resume-data-cache/app/revalidate/route.ts,tests
next.js,test/e2e/app-dir/resume-data-cache/next.config.js,tests
next.js,test/e2e/app-dir/resume-data-cache/resume-data-cache.test.ts,tests
next.js,test/e2e/app-dir/resume-data-cache/resume-data-cache/app/layout.tsx,tests
next.js,test/e2e/app-dir/resume-data-cache/resume-data-cache/app/page.tsx,tests
next.js,test/e2e/app-dir/resume-data-cache/resume-data-cache/app/revalidate/route.ts,tests
next.js,test/e2e/app-dir/resume-data-cache/resume-data-cache/next.config.js,tests
next.js,test/e2e/app-dir/resume-data-cache/resume-data-cache/resume-data-cache.test.ts,tests
next.js,test/e2e/app-dir/resuming-head-runtime-search-param/app/layout.tsx,tests
next.js,test/e2e/app-dir/resuming-head-runtime-search-param/next.config.js,tests
next.js,test/e2e/app-dir/revalidate-dynamic/next.config.mjs,tests
next.js,test/e2e/app-dir/revalidatetag-rsc/revalidatetag-rsc.test.ts,tests
next.js,test/e2e/app-dir/rewrite-headers/rewrite-headers.test.ts,tests
next.js,test/e2e/app-dir/root-layout-redirect/tsconfig.json,tests
next.js,test/e2e/app-dir/root-layout/root-layout.test.ts,tests
next.js,test/e2e/app-dir/root-suspense-dynamic/fixtures/default/next.config.js,tests
next.js,test/e2e/app-dir/router-autoscroll/router-autoscroll.test.ts,tests
next.js,test/e2e/app-dir/router-stuck-dynamic-static-segment/tsconfig.json,tests
next.js,test/e2e/app-dir/rsc-basic/rsc-basic.test.ts,tests
next.js,test/e2e/app-dir/rsc-redirect/rsc-redirect.test.ts,tests
next.js,test/e2e/app-dir/scss/invalid-global-with-app/invalid-global-with-app.test.ts,tests
next.js,test/e2e/app-dir/scss/invalid-global/invalid-global.test.ts,tests
next.js,test/e2e/app-dir/scss/invalid-module-document/invalid-module-document.test.ts,tests
next.js,test/e2e/app-dir/scss/npm-import-bad/npm-import-bad.test.ts,tests
next.js,test/e2e/app-dir/scss/valid-and-invalid-global/valid-and-invalid-global.test.ts,tests
next.js,test/e2e/app-dir/searchparams-reuse-loading/app/page.tsx,tests
next.js,test/e2e/app-dir/searchparams-reuse-loading/app/with-middleware/page.tsx,tests
next.js,test/e2e/app-dir/searchparams-static-bailout/tsconfig.json,tests
next.js,test/e2e/app-dir/segment-cache/basic/next.config.js,tests
next.js,test/e2e/app-dir/segment-cache/cdn-cache-busting/next.config.js,tests
next.js,test/e2e/app-dir/segment-cache/client-params/app/[category]/[product]/page.tsx,tests
next.js,test/e2e/app-dir/segment-cache/client-params/app/[category]/layout.tsx,tests
next.js,test/e2e/app-dir/segment-cache/client-params/app/client-page-with-search-param/page.tsx,tests
next.js,test/e2e/app-dir/segment-cache/client-params/app/layout.tsx,tests
next.js,test/e2e/app-dir/segment-cache/client-params/app/page.tsx,tests
next.js,test/e2e/app-dir/segment-cache/client-params/client-params.test.ts,tests
next.js,test/e2e/app-dir/segment-cache/client-params/components/link-accordion.tsx,tests
next.js,test/e2e/app-dir/segment-cache/client-params/next.config.js,tests
next.js,test/e2e/app-dir/segment-cache/deployment-skew/next.config.js,tests
next.js,test/e2e/app-dir/segment-cache/dynamic-on-hover/next.config.js,tests
next.js,test/e2e/app-dir/segment-cache/export/next.config.js,tests
next.js,test/e2e/app-dir/segment-cache/memory-pressure/next.config.js,tests
next.js,test/e2e/app-dir/segment-cache/metadata/app/page.tsx,tests
next.js,test/e2e/app-dir/segment-cache/metadata/next.config.js,tests
next.js,test/e2e/app-dir/segment-cache/metadata/segment-cache-metadata.test.ts,tests
next.js,test/e2e/app-dir/segment-cache/mpa-navigations/next.config.js,tests
next.js,test/e2e/app-dir/segment-cache/no-prefetch/next.config.js,tests
next.js,test/e2e/app-dir/segment-cache/prefetch-auto/next.config.js,tests
next.js,test/e2e/app-dir/segment-cache/prefetch-layout-sharing/app/page.tsx,tests
next.js,test/e2e/app-dir/segment-cache/prefetch-layout-sharing/components/link-accordion.tsx,tests
next.js,test/e2e/app-dir/segment-cache/prefetch-layout-sharing/next.config.ts,tests
next.js,test/e2e/app-dir/segment-cache/prefetch-layout-sharing/prefetch-layout-sharing.test.ts,tests
next.js,test/e2e/app-dir/segment-cache/prefetch-runtime/app/(default)/caches/private-seconds/page.tsx,tests
next.js,test/e2e/app-dir/segment-cache/prefetch-runtime/app/(default)/caches/private-short-stale/page.tsx,tests
next.js,test/e2e/app-dir/segment-cache/prefetch-runtime/app/(default)/caches/public-seconds/page.tsx,tests
next.js,test/e2e/app-dir/segment-cache/prefetch-runtime/app/(default)/caches/public-short-expire-long-stale/page.tsx,tests
next.js,test/e2e/app-dir/segment-cache/prefetch-runtime/app/(default)/caches/public-short-expire-short-stale/page.tsx,tests
next.js,test/e2e/app-dir/segment-cache/prefetch-runtime/app/(default)/errors/error-after-cookies/page.tsx,tests
next.js,test/e2e/app-dir/segment-cache/prefetch-runtime/app/(default)/errors/page.tsx,tests
next.js,test/e2e/app-dir/segment-cache/prefetch-runtime/app/(default)/errors/sync-io-after-runtime-api/cookies/page.tsx,tests
next.js,test/e2e/app-dir/segment-cache/prefetch-runtime/app/(default)/errors/sync-io-after-runtime-api/dynamic-params/[id]/page.tsx,tests
next.js,test/e2e/app-dir/segment-cache/prefetch-runtime/app/(default)/errors/sync-io-after-runtime-api/headers/page.tsx,tests
next.js,test/e2e/app-dir/segment-cache/prefetch-runtime/app/(default)/errors/sync-io-after-runtime-api/private-cache/page.tsx,tests
next.js,test/e2e/app-dir/segment-cache/prefetch-runtime/app/(default)/errors/sync-io-after-runtime-api/quickly-expiring-public-cache/page.tsx,tests
next.js,test/e2e/app-dir/segment-cache/prefetch-runtime/app/(default)/errors/sync-io-after-runtime-api/search-params/page.tsx,tests
next.js,test/e2e/app-dir/segment-cache/prefetch-runtime/app/(default)/page.tsx,tests
next.js,test/e2e/app-dir/segment-cache/prefetch-runtime/components/link-accordion.tsx,tests
next.js,test/e2e/app-dir/segment-cache/prefetch-runtime/next.config.ts,tests
next.js,test/e2e/app-dir/segment-cache/prefetch-runtime/prefetch-runtime.test.ts,tests
next.js,test/e2e/app-dir/segment-cache/prefetch-scheduling/next.config.js,tests
next.js,test/e2e/app-dir/segment-cache/prefetch-scheduling/prefetch-scheduling.test.ts,tests
next.js,test/e2e/app-dir/segment-cache/refresh/app/dashboard/@main/analytics/page.tsx,tests
next.js,test/e2e/app-dir/segment-cache/refresh/app/dashboard/@main/default.tsx,tests
next.js,test/e2e/app-dir/segment-cache/refresh/app/dashboard/@main/page.tsx,tests
next.js,test/e2e/app-dir/segment-cache/refresh/app/dashboard/@navbar/client.tsx,tests
next.js,test/e2e/app-dir/segment-cache/refresh/app/dashboard/@navbar/default.tsx,tests
next.js,test/e2e/app-dir/segment-cache/refresh/app/dashboard/@navbar/page.tsx,tests
next.js,test/e2e/app-dir/segment-cache/refresh/app/dashboard/client.tsx,tests
next.js,test/e2e/app-dir/segment-cache/refresh/app/dashboard/layout.tsx,tests
next.js,test/e2e/app-dir/segment-cache/refresh/app/layout.tsx,tests
next.js,test/e2e/app-dir/segment-cache/refresh/app/page.tsx,tests
next.js,test/e2e/app-dir/segment-cache/refresh/components/link-accordion.tsx,tests
next.js,test/e2e/app-dir/segment-cache/refresh/next.config.js,tests
next.js,test/e2e/app-dir/segment-cache/refresh/segment-cache-refresh.test.ts,tests
next.js,test/e2e/app-dir/segment-cache/revalidation/app/greeting/page.tsx,tests
next.js,test/e2e/app-dir/segment-cache/revalidation/app/refetch-on-new-base-tree/layout.tsx,tests
next.js,test/e2e/app-dir/segment-cache/revalidation/next.config.js,tests
next.js,test/e2e/app-dir/segment-cache/revalidation/segment-cache-revalidation.test.ts,tests
next.js,test/e2e/app-dir/segment-cache/search-params/app/search-params/page.tsx,tests
next.js,test/e2e/app-dir/segment-cache/search-params/next.config.js,tests
next.js,test/e2e/app-dir/segment-cache/staleness/app/page.tsx,tests
next.js,test/e2e/app-dir/segment-cache/staleness/app/runtime-stale-10-minutes/page.tsx,tests
next.js,test/e2e/app-dir/segment-cache/staleness/app/runtime-stale-5-minutes/page.tsx,tests
next.js,test/e2e/app-dir/segment-cache/staleness/next.config.js,tests
next.js,test/e2e/app-dir/segment-cache/staleness/segment-cache-stale-time.test.ts,tests
next.js,test/e2e/app-dir/server-source-maps/fixtures/default/next.config.js,tests
next.js,test/e2e/app-dir/server-source-maps/fixtures/edge/next.config.js,tests
next.js,test/e2e/app-dir/server-source-maps/server-source-maps-edge.test.ts,tests
next.js,test/e2e/app-dir/server-source-maps/server-source-maps.test.ts,tests
next.js,test/e2e/app-dir/static-shell-debugging/static-shell-debugging.test.ts,tests
next.js,test/e2e/app-dir/sub-shell-generation-middleware/app/rewrite/[slug]/page.tsx,tests
next.js,test/e2e/app-dir/sub-shell-generation-middleware/sub-shell-generation-middleware.test.ts,tests
next.js,test/e2e/app-dir/sub-shell-generation/app/[lang]/[slug]/page.tsx,tests
next.js,test/e2e/app-dir/sub-shell-generation/next.config.js,tests
next.js,test/e2e/app-dir/transition-indicator/app/layout.tsx,tests
next.js,test/e2e/app-dir/transition-indicator/app/page.tsx,tests
next.js,test/e2e/app-dir/transition-indicator/app/slow-with-fallback/loading.tsx,tests
next.js,test/e2e/app-dir/transition-indicator/app/slow-with-fallback/page.tsx,tests
next.js,test/e2e/app-dir/transition-indicator/app/slow-without-fallback/page.tsx,tests
next.js,test/e2e/app-dir/transition-indicator/next.config.js,tests
next.js,test/e2e/app-dir/transition-indicator/transition-indicator.test.ts,tests
next.js,test/e2e/app-dir/unauthorized/default/unauthorized-default.test.ts,tests
next.js,test/e2e/app-dir/underscore-ignore-app-paths/tsconfig.json,tests
next.js,test/e2e/app-dir/use-cache-close-over-function/next.config.js,tests
next.js,test/e2e/app-dir/use-cache-close-over-function/use-cache-close-over-function.test.ts,tests
next.js,test/e2e/app-dir/use-cache-custom-handler/app/page.tsx,tests
next.js,test/e2e/app-dir/use-cache-custom-handler/next.config.js,tests
next.js,test/e2e/app-dir/use-cache-custom-handler/use-cache-custom-handler.test.ts,tests
next.js,test/e2e/app-dir/use-cache-dev/use-cache-dev.test.ts,tests
next.js,test/e2e/app-dir/use-cache-hanging-inputs/next.config.js,tests
next.js,test/e2e/app-dir/use-cache-hanging-inputs/use-cache-hanging-inputs.test.ts,tests
next.js,test/e2e/app-dir/use-cache-metadata-route-handler/next.config.js,tests
next.js,test/e2e/app-dir/use-cache-output-export/use-cache-output-export.test.ts,tests
next.js,test/e2e/app-dir/use-cache-private/use-cache-private.test.ts,tests
next.js,test/e2e/app-dir/use-cache-route-handler-only/next.config.js,tests
next.js,test/e2e/app-dir/use-cache-search-params/use-cache-search-params.test.ts,tests
next.js,test/e2e/app-dir/use-cache-segment-configs/use-cache-segment-configs.test.ts,tests
next.js,test/e2e/app-dir/use-cache-unknown-cache-kind/next.config.js,tests
next.js,test/e2e/app-dir/use-cache-unknown-cache-kind/use-cache-unknown-cache-kind.test.ts,tests
next.js,test/e2e/app-dir/use-cache-with-server-function-props/next.config.js,tests
next.js,test/e2e/app-dir/use-cache-without-experimental-flag/use-cache-without-experimental-flag.test.ts,tests
next.js,test/e2e/app-dir/use-cache/app/(dynamic)/revalidate-and-redirect/page.tsx,tests
next.js,test/e2e/app-dir/use-cache/app/(dynamic)/revalidate-and-use/page.tsx,tests
next.js,test/e2e/app-dir/use-cache/app/(partially-static)/api/route.ts,tests
next.js,test/e2e/app-dir/use-cache/app/(partially-static)/cache-tag/page.tsx,tests
next.js,test/e2e/app-dir/use-cache/app/(partially-static)/form/page.tsx,tests
next.js,test/e2e/app-dir/use-cache/app/(partially-static)/imported-from-client/cached.ts,tests
next.js,test/e2e/app-dir/use-cache/app/(partially-static)/use-action-state-separate-export/cached.ts,tests
next.js,test/e2e/app-dir/use-cache/app/(partially-static)/use-action-state-separate-export/form.tsx,tests
next.js,test/e2e/app-dir/use-cache/app/(partially-static)/use-action-state-separate-export/page.tsx,tests
next.js,test/e2e/app-dir/use-cache/app/(partially-static)/use-action-state/cached.ts,tests
next.js,test/e2e/app-dir/use-cache/next.config.js,tests
next.js,test/e2e/app-dir/use-cache/use-cache.test.ts,tests
next.js,test/e2e/app-dir/use-params/tsconfig.json,tests
next.js,test/e2e/babel/index.test.ts,tests
next.js,test/e2e/basepath/basepath.test.ts,tests
next.js,test/e2e/basepath/error-pages.test.ts,tests
next.js,test/e2e/basepath/trailing-slash.test.ts,tests
next.js,test/e2e/build-indicator/test/index.test.ts,tests
next.js,test/e2e/chrome-devtools-workspace/chrome-devtools-workspace.test.ts,tests
next.js,test/e2e/chrome-devtools-workspace/fixtures/proxy/app/[lang]/page.js,tests
next.js,test/e2e/chrome-devtools-workspace/fixtures/proxy/app/layout.js,tests
next.js,test/e2e/chrome-devtools-workspace/fixtures/proxy/next.config.js,tests
next.js,test/e2e/chrome-devtools-workspace/fixtures/proxy/proxy.js,tests
next.js,test/e2e/conflicting-app-page-error/index.test.ts,tests
next.js,test/e2e/disable-js-preload/test/index.test.ts,tests
next.js,test/e2e/fetch-failures-have-good-stack-traces-in-edge-runtime/fetch-failures-have-good-stack-traces-in-edge-runtime.test.ts,tests
next.js,test/e2e/geist-font/geist-font.test.ts,tests
next.js,test/e2e/getserversideprops/test/index.test.ts,tests
next.js,test/e2e/instrumentation-hook-src/tsconfig.json,tests
next.js,test/e2e/legacy-link-behavior-pages/index.test.ts,tests
next.js,test/e2e/legacy-link-behavior/app/layout.tsx,tests
next.js,test/e2e/legacy-link-behavior/next.config.js,tests
next.js,test/e2e/legacy-link-behavior/validations.console.test.ts,tests
next.js,test/e2e/link-with-api-rewrite/index.test.ts,tests
next.js,test/e2e/middleware-fetches-with-any-http-method/index.test.ts,tests
next.js,test/e2e/module-layer/module-layer.test.ts,tests
next.js,test/e2e/new-link-behavior/material-ui.test.ts,tests
next.js,test/e2e/next-font/app/pages/with-local-fonts.js,tests
next.js,test/e2e/next-font/index.test.ts,tests
next.js,test/e2e/next-link-errors/next-link-errors.test.ts,tests
next.js,test/e2e/opentelemetry/instrumentation/custom-server.ts,tests
next.js,test/e2e/opentelemetry/instrumentation/instrumentation-custom-server.ts,tests
next.js,test/e2e/opentelemetry/instrumentation/opentelemetry.test.ts,tests
next.js,test/e2e/opentelemetry/instrumentation/package.json,tests
next.js,test/e2e/prerender.test.ts,tests
next.js,test/e2e/react-compiler/react-compiler.test.ts,tests
next.js,test/e2e/type-module-interop/index.test.ts,tests
next.js,test/e2e/typescript-custom-tsconfig/test/index.test.ts,tests
next.js,test/e2e/with-router/index.test.ts,tests
next.js,test/integration/404-page-app/test/index.test.ts,tests
next.js,test/integration/404-page-custom-error/test/index.test.ts,tests
next.js,test/integration/404-page-ssg/test/index.test.ts,tests
next.js,test/integration/404-page/test/index.test.ts,tests
next.js,test/integration/500-page/test/gsp-gssp.test.ts,tests
next.js,test/integration/500-page/test/index.test.ts,tests
next.js,test/integration/absolute-assetprefix/test/index.test.ts,tests
next.js,test/integration/api-body-parser/test/index.test.ts,tests
next.js,test/integration/api-catch-all/test/index.test.ts,tests
next.js,test/integration/api-support/test/index.test.ts,tests
next.js,test/integration/app-aspath/test/index.test.ts,tests
next.js,test/integration/app-config-asset-prefix/test/index.test.js,tests
next.js,test/integration/app-config-asset-prefix/test/index.test.ts,tests
next.js,test/integration/app-dir-export/test/utils.ts,tests
next.js,test/integration/app-document-add-hmr/test/index.test.ts,tests
next.js,test/integration/app-document-import-order/test/index.test.ts,tests
next.js,test/integration/app-document-remove-hmr/test/index.test.ts,tests
next.js,test/integration/app-document-style-fragment/test/index.test.ts,tests
next.js,test/integration/app-functional/test/index.test.ts,tests
next.js,test/integration/app-tree/test/index.test.ts,tests
next.js,test/integration/app-tree/tsconfig.json,tests
next.js,test/integration/app-types/app-types.test.ts,tests
next.js,test/integration/app-types/tsconfig.json,tests
next.js,test/integration/auto-export-error-bail/test/index.test.ts,tests
next.js,test/integration/auto-export-query-error/test/index.test.ts,tests
next.js,test/integration/auto-export/test/index.test.ts,tests
next.js,test/integration/babel-custom/test/index.test.ts,tests
next.js,test/integration/babel-next-image/babel-next-image.test.ts,tests
next.js,test/integration/basepath-root-catch-all/test/index.test.ts,tests
next.js,test/integration/bigint/test/index.test.ts,tests
next.js,test/integration/broken-webpack-plugin/test/index.test.ts,tests
next.js,test/integration/build-output/test/index.test.ts,tests
next.js,test/integration/build-trace-extra-entries-turbo/test/index.test.ts,tests
next.js,test/integration/build-trace-extra-entries/test/index.test.ts,tests
next.js,test/integration/build-warnings/test/index.test.ts,tests
next.js,test/integration/catches-missing-getStaticProps/test/index.test.ts,tests
next.js,test/integration/chunking/test/index.test.ts,tests
next.js,test/integration/clean-distdir/test/index.test.ts,tests
next.js,test/integration/cli/test/index.test.js,tests
next.js,test/integration/cli/test/index.test.ts,tests
next.js,test/integration/client-404/test/index.test.ts,tests
next.js,test/integration/client-navigation-a11y/test/index.test.ts,tests
next.js,test/integration/client-shallow-routing/test/index.test.ts,tests
next.js,test/integration/compression/test/index.test.ts,tests
next.js,test/integration/config-devtool-dev/test/index.test.js,tests
next.js,test/integration/config-devtool-dev/test/index.test.ts,tests
next.js,test/integration/config-experimental-warning/test/index.test.ts,tests
next.js,test/integration/config-output-export/test/index.test.ts,tests
next.js,test/integration/config-promise-error/test/index.test.ts,tests
next.js,test/integration/config-resolve-alias/test/index.test.ts,tests
next.js,test/integration/config-syntax-error/test/index.test.ts,tests
next.js,test/integration/config/test/index.test.ts,tests
next.js,test/integration/conflicting-public-file-page/test/index.test.ts,tests
next.js,test/integration/conflicting-ssg-paths/test/index.test.ts,tests
next.js,test/integration/create-next-app/prompts.test.ts,tests
next.js,test/integration/create-next-app/templates/app-api.test.ts,tests
next.js,test/integration/create-next-app/templates/app.test.ts,tests
next.js,test/integration/create-next-app/templates/pages.test.ts,tests
next.js,test/integration/critical-css/test/index.test.ts,tests
next.js,test/integration/css-client-nav/test/index.test.ts,tests
next.js,test/integration/css-customization/test/index.test.ts,tests
next.js,test/integration/css-features/test/browserslist.test.js,tests
next.js,test/integration/css-features/test/browserslist.test.ts,tests
next.js,test/integration/css-features/test/css-modules.test.ts,tests
next.js,test/integration/css-features/test/index.test.ts,tests
next.js,test/integration/css-fixtures/cssmodules-pure-no-check/tsconfig.json,tests
next.js,test/integration/css-minify/test/index.test.ts,tests
next.js,test/integration/css-modules/test/index.test.ts,tests
next.js,test/integration/css/test/basic-global-support.test.ts,tests
next.js,test/integration/css/test/css-and-styled-jsx.test.ts,tests
next.js,test/integration/css/test/css-compilation.test.ts,tests
next.js,test/integration/css/test/css-modules.test.ts,tests
next.js,test/integration/css/test/css-rendering.test.ts,tests
next.js,test/integration/css/test/dev-css-handling.test.ts,tests
next.js,test/integration/css/test/valid-invalid-css.test.ts,tests
next.js,test/integration/custom-error-page-exception/test/index.test.ts,tests
next.js,test/integration/custom-error/test/index.test.ts,tests
next.js,test/integration/custom-page-extension/next.config.js,tests
next.js,test/integration/custom-page-extension/test/index.test.ts,tests
next.js,test/integration/custom-routes-catchall/test/index.test.ts,tests
next.js,test/integration/custom-routes-i18n-index-redirect/test/index.test.ts,tests
next.js,test/integration/custom-routes-i18n/test/index.test.ts,tests
next.js,test/integration/custom-routes/test/index.test.js,tests
next.js,test/integration/custom-routes/test/index.test.ts,tests
next.js,test/integration/custom-server-types/next-env.d.ts,tests
next.js,test/integration/custom-server-types/test/index.test.ts,tests
next.js,test/integration/custom-server-types/tsconfig.json,tests
next.js,test/integration/custom-server/test/index.test.ts,tests
next.js,test/integration/data-fetching-errors/test/index.test.ts,tests
next.js,test/integration/dedupes-scripts/test/index.test.ts,tests
next.js,test/integration/development-hmr-refresh/test/index.test.ts,tests
next.js,test/integration/disable-js/test/index.test.ts,tests
next.js,test/integration/dist-dir/test/index.test.ts,tests
next.js,test/integration/document-file-dependencies/test/index.test.ts,tests
next.js,test/integration/document-head-warnings/test/index.test.ts,tests
next.js,test/integration/draft-mode/tsconfig.json,tests
next.js,test/integration/dynamic-optional-routing-root-fallback/test/index.test.ts,tests
next.js,test/integration/dynamic-optional-routing-root-static-paths/test/index.test.ts,tests
next.js,test/integration/dynamic-optional-routing/test/index.test.js,tests
next.js,test/integration/dynamic-optional-routing/test/index.test.ts,tests
next.js,test/integration/dynamic-require/test/index.test.ts,tests
next.js,test/integration/dynamic-route-rename/test/index.test.ts,tests
next.js,test/integration/dynamic-routing/pages/[name]/[comment].js,tests
next.js,test/integration/dynamic-routing/test/index.test.js,tests
next.js,test/integration/dynamic-routing/test/index.test.ts,tests
next.js,test/integration/dynamic-routing/test/middleware.test.ts,tests
next.js,test/integration/edge-runtime-configurable-guards/test/index.test.ts,tests
next.js,test/integration/edge-runtime-dynamic-code/test/index.test.ts,tests
next.js,test/integration/edge-runtime-module-errors/test/index.test.ts,tests
next.js,test/integration/edge-runtime-module-errors/test/module-imports.test.ts,tests
next.js,test/integration/edge-runtime-response-error/test/index.test.ts,tests
next.js,test/integration/empty-object-getInitialProps/test/index.test.ts,tests
next.js,test/integration/empty-project/test/index.test.ts,tests
next.js,test/integration/env-config/test/index.test.ts,tests
next.js,test/integration/error-in-error/test/index.test.ts,tests
next.js,test/integration/error-load-fail/test/index.test.ts,tests
next.js,test/integration/error-plugin-stack-overflow/test/index.test.ts,tests
next.js,test/integration/errors-on-output-to-public/test/index.test.ts,tests
next.js,test/integration/errors-on-output-to-static/test/index.test.ts,tests
next.js,test/integration/export-404/test/index.test.ts,tests
next.js,test/integration/export-dynamic-pages/test/index.test.ts,tests
next.js,test/integration/export-fallback-true-error/test/index.test.ts,tests
next.js,test/integration/export-getInitialProps-warn/test/index.test.ts,tests
next.js,test/integration/export-image-default/test/index.test.ts,tests
next.js,test/integration/export-image-loader-legacy/test/index.test.ts,tests
next.js,test/integration/export-image-loader/test/index.test.ts,tests
next.js,test/integration/export-intent/test/index.test.ts,tests
next.js,test/integration/export-subfolders/test/index.test.ts,tests
next.js,test/integration/externals-esm-loose/test/index.test.ts,tests
next.js,test/integration/externals-pages-bundle/test/externals.test.ts,tests
next.js,test/integration/externals-pages-bundle/test/index.test.ts,tests
next.js,test/integration/fallback-false-rewrite/test/index.test.ts,tests
next.js,test/integration/fallback-modules/test/index.test.ts,tests
next.js,test/integration/fallback-route-params/test/index.test.ts,tests
next.js,test/integration/fetch-polyfill-ky-universal/test/index.test.ts,tests
next.js,test/integration/fetch-polyfill/test/index.test.ts,tests
next.js,test/integration/file-serving/test/index.test.ts,tests
next.js,test/integration/filesystempublicroutes/test/index.test.ts,tests
next.js,test/integration/firebase-grpc/test/index.test.ts,tests
next.js,test/integration/future/test/index.test.ts,tests
next.js,test/integration/getinitialprops/test/index.test.ts,tests
next.js,test/integration/getserversideprops-export-error/test/index.test.ts,tests
next.js,test/integration/getserversideprops-preview/test/index.test.ts,tests
next.js,test/integration/gip-identifier/test/index.test.ts,tests
next.js,test/integration/gsp-build-errors/test/index.test.ts,tests
next.js,test/integration/gsp-extension/test/index.test.ts,tests
next.js,test/integration/gssp-pageProps-merge/test/index.test.ts,tests
next.js,test/integration/gssp-redirect-base-path/test/index.test.ts,tests
next.js,test/integration/gssp-redirect-with-rewrites/test/index.test.ts,tests
next.js,test/integration/gssp-redirect/test/index.test.ts,tests
next.js,test/integration/handles-export-errors/test/index.test.ts,tests
next.js,test/integration/hashbang/test/index.test.ts,tests
next.js,test/integration/hydration/test/index.test.ts,tests
next.js,test/integration/i18n-support-base-path/test/index.test.ts,tests
next.js,test/integration/i18n-support-catchall/test/index.test.ts,tests
next.js,test/integration/i18n-support-custom-error/test/index.test.ts,tests
next.js,test/integration/i18n-support-fallback-rewrite-legacy/test/index.test.ts,tests
next.js,test/integration/i18n-support-fallback-rewrite/test/index.test.ts,tests
next.js,test/integration/i18n-support-index-rewrite/test/index.test.ts,tests
next.js,test/integration/i18n-support-same-page-hash-change/test/index.test.ts,tests
next.js,test/integration/i18n-support/test/index.test.ts,tests
next.js,test/integration/import-assertion/test/index.test.ts,tests
next.js,test/integration/import-assertion/tsconfig.json,tests
next.js,test/integration/import-attributes/test/index.test.ts,tests
next.js,test/integration/import-attributes/tsconfig.json,tests
next.js,test/integration/initial-ref/test/index.test.ts,tests
next.js,test/integration/invalid-config-values/test/index.test.ts,tests
next.js,test/integration/invalid-custom-routes/test/index.test.ts,tests
next.js,test/integration/invalid-document-image-import/test/index.test.ts,tests
next.js,test/integration/invalid-href/test/index.test.ts,tests
next.js,test/integration/invalid-middleware-matchers/test/index.test.ts,tests
next.js,test/integration/invalid-multi-match/test/index.test.ts,tests
next.js,test/integration/invalid-page-automatic-static-optimization/test/index.test.ts,tests
next.js,test/integration/invalid-revalidate-values/test/index.test.ts,tests
next.js,test/integration/invalid-server-options/test/index.test.ts,tests
next.js,test/integration/jsconfig-baseurl/jsconfig.json,tests
next.js,test/integration/jsconfig-baseurl/test/index.test.ts,tests
next.js,test/integration/jsconfig-empty/test/index.test.ts,tests
next.js,test/integration/jsconfig-paths-wildcard/jsconfig.json,tests
next.js,test/integration/jsconfig-paths-wildcard/test/index.test.ts,tests
next.js,test/integration/jsconfig-paths/jsconfig.json,tests
next.js,test/integration/jsconfig-paths/test/index.test.ts,tests
next.js,test/integration/jsconfig/test/index.test.ts,tests
next.js,test/integration/json-serialize-original-error/test/index.test.ts,tests
next.js,test/integration/link-ref-app/test/index.test.ts,tests
next.js,test/integration/link-ref-pages/test/index.test.ts,tests
next.js,test/integration/link-with-encoding/test/index.test.ts,tests
next.js,test/integration/link-without-router/test/index.test.tsx,tests
next.js,test/integration/middleware-basic/test/index.test.ts,tests
next.js,test/integration/middleware-build-errors/test/index.test.ts,tests
next.js,test/integration/middleware-dev-update/test/index.test.ts,tests
next.js,test/integration/middleware-prefetch/tests/index.test.ts,tests
next.js,test/integration/middleware-src-node/test/index.test.ts,tests
next.js,test/integration/middleware-src/test/index.test.ts,tests
next.js,test/integration/missing-document-component-error/test/index.test.ts,tests
next.js,test/integration/mixed-ssg-serverprops-error/test/index.test.ts,tests
next.js,test/integration/module-ids/test/index.test.ts,tests
next.js,test/integration/next-dynamic-css-asset-prefix/test/index.test.ts,tests
next.js,test/integration/next-dynamic-css-asset-prefix/tsconfig.json,tests
next.js,test/integration/next-dynamic-css/test/index.test.ts,tests
next.js,test/integration/next-dynamic-css/tsconfig.json,tests
next.js,test/integration/next-dynamic-lazy-compilation/test/index.test.ts,tests
next.js,test/integration/next-dynamic/test/index.test.ts,tests
next.js,test/integration/next-image-legacy/base-path/test/index.test.ts,tests
next.js,test/integration/next-image-legacy/default/test/index.test.ts,tests
next.js,test/integration/next-image-legacy/default/test/static.test.ts,tests
next.js,test/integration/next-image-legacy/typescript/tsconfig.json,tests
next.js,test/integration/next-image-new/app-dir-localpatterns/test/index.test.ts,tests
next.js,test/integration/next-image-new/app-dir-qualities/test/index.test.ts,tests
next.js,test/integration/next-image-new/app-dir/test/index.test.ts,tests
next.js,test/integration/next-image-new/asset-prefix/test/index.test.ts,tests
next.js,test/integration/next-image-new/base-path/test/index.test.js,tests
next.js,test/integration/next-image-new/base-path/test/index.test.ts,tests
next.js,test/integration/next-image-new/base-path/test/static.test.ts,tests
next.js,test/integration/next-image-new/default/test/index.test.ts,tests
next.js,test/integration/next-image-new/export-config/test/index.test.ts,tests
next.js,test/integration/next-image-new/invalid-image-import/test/index.test.ts,tests
next.js,test/integration/next-image-new/middleware/test/index.test.ts,tests
next.js,test/integration/next-image-new/middleware/test/middleware-intercept-next-image.test.ts,tests
next.js,test/integration/next-image-new/typescript/tsconfig.json,tests
next.js,test/integration/no-op-export/test/index.test.ts,tests
next.js,test/integration/no-override-next-props/test/index.test.ts,tests
next.js,test/integration/no-page-props/test/index.test.ts,tests
next.js,test/integration/node-fetch-keep-alive/test/index.test.ts,tests
next.js,test/integration/non-next-dist-exclude/test/index.test.ts,tests
next.js,test/integration/non-standard-node-env-warning/test/index.test.ts,tests
next.js,test/integration/not-found-revalidate/test/index.test.ts,tests
next.js,test/integration/nullish-config/test/index.test.ts,tests
next.js,test/integration/numeric-sep/test/index.test.ts,tests
next.js,test/integration/ondemand/test/index.test.ts,tests
next.js,test/integration/optional-chaining-nullish-coalescing/test/index.test.ts,tests
next.js,test/integration/page-config/test/index.test.ts,tests
next.js,test/integration/page-extensions/test/index.test.ts,tests
next.js,test/integration/plugin-mdx-rs/test/index.test.ts,tests
next.js,test/integration/polyfilling-minimal/test/index.test.ts,tests
next.js,test/integration/polyfills/test/index.test.ts,tests
next.js,test/integration/port-env-var/test/index.test.ts,tests
next.js,test/integration/preload-viewport/test/index.test.ts,tests
next.js,test/integration/prerender-export/test/index.test.ts,tests
next.js,test/integration/prerender-fallback-encoding/test/index.test.ts,tests
next.js,test/integration/prerender-invalid-catchall-params/test/index.test.ts,tests
next.js,test/integration/prerender-invalid-paths/test/index.test.ts,tests
next.js,test/integration/prerender-no-revalidate/test/index.test.ts,tests
next.js,test/integration/prerender-preview/test/index.test.ts,tests
next.js,test/integration/prerender-revalidate/test/index.test.ts,tests
next.js,test/integration/prerender/test/index.test.ts,tests
next.js,test/integration/preview-fallback/test/index.test.ts,tests
next.js,test/integration/production-build-dir/test/index.test.ts,tests
next.js,test/integration/production-config/test/index.test.ts,tests
next.js,test/integration/production-nav/test/index.test.ts,tests
next.js,test/integration/production-start-no-build/test/index.test.ts,tests
next.js,test/integration/query-with-encoding/test/index.test.ts,tests
next.js,test/integration/re-export-all-exports-from-page-disallowed/test/index.test.ts,tests
next.js,test/integration/react-current-version/tsconfig.json,tests
next.js,test/integration/react-profiling-mode/test/index.test.ts,tests
next.js,test/integration/read-only-source-hmr/test/index.test.ts,tests
next.js,test/integration/relay-graphql-swc-multi-project/project-a/tsconfig.json,tests
next.js,test/integration/relay-graphql-swc-multi-project/project-b/tsconfig.json,tests
next.js,test/integration/relay-graphql-swc-multi-project/test/index.test.ts,tests
next.js,test/integration/relay-graphql-swc-single-project/test/index.test.ts,tests
next.js,test/integration/relay-graphql-swc-single-project/tsconfig.json,tests
next.js,test/integration/render-error-on-module-error/test/index.test.ts,tests
next.js,test/integration/render-error-on-top-level-error/with-get-initial-props/test/index.test.ts,tests
next.js,test/integration/render-error-on-top-level-error/without-get-initial-props/test/index.test.ts,tests
next.js,test/integration/repeated-slashes/test/index.test.ts,tests
next.js,test/integration/required-server-files-ssr-404/test/index.test.ts,tests
next.js,test/integration/revalidate-as-path/test/index.test.ts,tests
next.js,test/integration/rewrite-with-browser-history/test/index.test.ts,tests
next.js,test/integration/rewrites-client-resolving/test/index.test.ts,tests
next.js,test/integration/rewrites-destination-query-array/test/index.test.ts,tests
next.js,test/integration/rewrites-has-condition/test/index.test.ts,tests
next.js,test/integration/rewrites-manual-href-as/test/index.test.ts,tests
next.js,test/integration/root-catchall-cache/test/index.test.ts,tests
next.js,test/integration/root-optional-revalidate/pages/[[...slug]].js,tests
next.js,test/integration/root-optional-revalidate/test/index.test.js,tests
next.js,test/integration/root-optional-revalidate/test/index.test.ts,tests
next.js,test/integration/route-index/test/index.test.ts,tests
next.js,test/integration/route-indexes/test/index.test.ts,tests
next.js,test/integration/route-load-cancel-css/test/index.test.ts,tests
next.js,test/integration/route-load-cancel/test/index.test.ts,tests
next.js,test/integration/router-hash-navigation/test/index.test.ts,tests
next.js,test/integration/router-is-ready-app-gip/test/index.test.ts,tests
next.js,test/integration/router-is-ready/test/index.test.ts,tests
next.js,test/integration/router-prefetch/test/index.test.ts,tests
next.js,test/integration/router-rerender/test/index.test.ts,tests
next.js,test/integration/scroll-back-restoration/test/index.test.js,tests
next.js,test/integration/scroll-back-restoration/test/index.test.ts,tests
next.js,test/integration/scroll-forward-restoration/test/index.test.ts,tests
next.js,test/integration/server-asset-modules/test/index.test.ts,tests
next.js,test/integration/server-side-dev-errors/test/index.test.js,tests
next.js,test/integration/server-side-dev-errors/test/index.test.ts,tests
next.js,test/integration/src-dir-support-double-dir/test/index.test.ts,tests
next.js,test/integration/src-dir-support/test/index.test.ts,tests
next.js,test/integration/ssg-data-404/test/index.test.ts,tests
next.js,test/integration/ssg-dynamic-routes-404-page/test/index.test.ts,tests
next.js,test/integration/static-404/test/index.test.ts,tests
next.js,test/integration/static-page-name/test/index.test.ts,tests
next.js,test/integration/styled-jsx-plugin/test/index.test.ts,tests
next.js,test/integration/telemetry/next.config.use-cache,tests
next.js,test/integration/telemetry/test/config.test.ts,tests
next.js,test/integration/telemetry/test/index.test.ts,tests
next.js,test/integration/telemetry/test/page-features.test.ts,tests
next.js,test/integration/trailing-slash-dist/test/index.test.ts,tests
next.js,test/integration/trailing-slashes-href-resolving/test/index.test.ts,tests
next.js,test/integration/trailing-slashes-rewrite/test/index.test.ts,tests
next.js,test/integration/tsconfig-verifier/test/index.test.ts,tests
next.js,test/integration/turborepo-access-trace/test/index.test.ts,tests
next.js,test/integration/turbotrace-with-webpack-worker/test/index.test.ts,tests
next.js,test/integration/typeof-window-replace/test/index.test.ts,tests
next.js,test/integration/typescript-app-type-declarations/test/index.test.ts,tests
next.js,test/integration/typescript-app-type-declarations/tsconfig.json,tests
next.js,test/integration/typescript-baseurl/test/index.test.ts,tests
next.js,test/integration/typescript-baseurl/tsconfig.json,tests
next.js,test/integration/typescript-custom-tsconfig/test/index.test.ts,tests
next.js,test/integration/typescript-external-dir/project/test/index.test.ts,tests
next.js,test/integration/typescript-external-dir/project/tsconfig.json,tests
next.js,test/integration/typescript-filtered-files/test/index.test.ts,tests
next.js,test/integration/typescript-filtered-files/tsconfig.json,tests
next.js,test/integration/typescript-hmr/test/index.test.ts,tests
next.js,test/integration/typescript-hmr/tsconfig.json,tests
next.js,test/integration/typescript-ignore-errors/test/index.test.ts,tests
next.js,test/integration/typescript-ignore-errors/tsconfig.json,tests
next.js,test/integration/typescript-only-remove-type-imports/test/index.test.ts,tests
next.js,test/integration/typescript-only-remove-type-imports/tsconfig.json,tests
next.js,test/integration/typescript-paths/test/index.test.ts,tests
next.js,test/integration/typescript-paths/tsconfig.json,tests
next.js,test/integration/typescript-workspaces-paths/packages/www/test/index.test.ts,tests
next.js,test/integration/typescript-workspaces-paths/tsconfig.json,tests
next.js,test/integration/typescript/test/index.test.ts,tests
next.js,test/integration/typescript/tsconfig.json,tests
next.js,test/integration/undefined-webpack-config/test/index.test.ts,tests
next.js,test/integration/webpack-bun-externals/test/index.test.ts,tests
next.js,test/integration/webpack-config-extensionalias/test/index.test.ts,tests
next.js,test/integration/webpack-config-mainjs/test/index.test.ts,tests
next.js,test/integration/webpack-require-hook/test/index.test.ts,tests
next.js,test/integration/with-electron/test/index.test.ts,tests
next.js,test/integration/worker-webpack5/test/index.test.ts,tests
next.js,test/jest-setup-files.turbopack.js,tests
next.js,test/lib/add-redbox-matchers.ts,tests
next.js,test/lib/browsers/playwright.ts,tests
next.js,test/lib/development-sandbox.ts,tests
next.js,test/lib/next-modes/base.ts,tests
next.js,test/lib/next-modes/next-deploy.ts,tests
next.js,test/lib/next-modes/next-dev.ts,tests
next.js,test/lib/next-modes/next-start.ts,tests
next.js,test/lib/next-test-utils.ts,tests
next.js,test/lib/next-webdriver.ts,tests
next.js,test/lib/router-act.ts,tests
next.js,test/production/500-page/app-router-only/pages/.gitkeep,tests
next.js,test/production/adapter-config/adapter-config-export.test.ts,tests
next.js,test/production/adapter-config/adapter-config.test.ts,tests
next.js,test/production/adapter-config/app/node-app/@dialog/[slug]/page.tsx,tests
next.js,test/production/adapter-config/app/node-app/@dialog/default.tsx,tests
next.js,test/production/adapter-config/app/node-app/[slug]/page.tsx,tests
next.js,test/production/adapter-config/app/node-app/layout.tsx,tests
next.js,test/production/adapter-config/my-adapter.mjs,tests
next.js,test/production/adapter-config/next.config.mjs,tests
next.js,test/production/app-dir/actions-tree-shaking/shared-module-actions/tsconfig.json,tests
next.js,test/production/app-dir/actions-tree-shaking/use-effect-actions/tsconfig.json,tests
next.js,test/production/app-dir/actions/app-action-body-finalize-output-standalone.test.ts,tests
next.js,test/production/app-dir/actions/app/body-finalize/actions.js,tests
next.js,test/production/app-dir/actions/app/body-finalize/page.js,tests
next.js,test/production/app-dir/actions/app/layout.js,tests
next.js,test/production/app-dir/actions/middleware.js,tests
next.js,test/production/app-dir/actions/next.config.js,tests
next.js,test/production/app-dir/browser-chunks/browser-chunks.test.ts,tests
next.js,test/production/app-dir/build-output-prerender/build-output-prerender.test.ts,tests
next.js,test/production/app-dir/build-output-prerender/fixtures/with-config-file/next.config.js,tests
next.js,test/production/app-dir/build-output-ssg-bailout/build-output-ssg-bailout.test.ts,tests
next.js,test/production/app-dir/build-output-tree-view/build-output-tree-view.test.ts,tests
next.js,test/production/app-dir/build-output-tree-view/fixtures/mixed/next.config.js,tests
next.js,test/production/app-dir/empty-generate-static-params/empty-generate-static-params.test.ts,tests
next.js,test/production/app-dir/global-default-cache-handler/next.config.js,tests
next.js,test/production/app-dir/metadata-base-warning/app/layout.tsx,tests
next.js,test/production/app-dir/metadata-base-warning/app/opengraph-image.png,tests
next.js,test/production/app-dir/metadata-base-warning/app/page.tsx,tests
next.js,test/production/app-dir/metadata-base-warning/metadata-base-warning.test.ts,tests
next.js,test/production/app-dir/metadata-base-warning/next.config.js,tests
next.js,test/production/app-dir/parallel-routes-static/index.test.ts,tests
next.js,test/production/app-dir/ppr-use-server-inserted-html/next.config.js,tests
next.js,test/production/app-dir/proxy-build-cli-output/app/layout.tsx,tests
next.js,test/production/app-dir/proxy-build-cli-output/app/page.tsx,tests
next.js,test/production/app-dir/proxy-build-cli-output/next.config.js,tests
next.js,test/production/app-dir/proxy-build-cli-output/proxy-build-cli-output.test.ts,tests
next.js,test/production/app-dir/proxy-build-cli-output/proxy.ts,tests
next.js,test/production/app-dir/resume-data-cache/app/page.tsx,tests
next.js,test/production/app-dir/resume-data-cache/app/revalidate/route.ts,tests
next.js,test/production/app-dir/resume-data-cache/next.config.js,tests
next.js,test/production/app-dir/subresource-integrity/subresource-integrity.test.ts,tests
next.js,test/production/app-dir/tsconfig-no-relative-resolve/tsconfig.json,tests
next.js,test/production/app-dir/types-gen-nounuselocal/tsconfig.json,tests
next.js,test/production/app-type/app-type.test.ts,tests
next.js,test/production/app-type/fixtures/app-only/app/layout.tsx,tests
next.js,test/production/app-type/fixtures/app-only/app/page.tsx,tests
next.js,test/production/app-type/fixtures/hybrid/app/layout.tsx,tests
next.js,test/production/app-type/fixtures/hybrid/app/page.tsx,tests
next.js,test/production/app-type/fixtures/hybrid/pages/other.tsx,tests
next.js,test/production/app-type/fixtures/pages-only/pages/index.tsx,tests
next.js,test/production/clean-distdir/index.test.ts,tests
next.js,test/production/clean-distdir/next.config.js,tests
next.js,test/production/clean-distdir/pages/index.js,tests
next.js,test/production/custom-server/next.config.js,tests
next.js,test/production/debug-build-path/app/about/page.tsx,tests
next.js,test/production/debug-build-path/app/dashboard/page.tsx,tests
next.js,test/production/debug-build-path/app/layout.tsx,tests
next.js,test/production/debug-build-path/app/page.tsx,tests
next.js,test/production/debug-build-path/debug-build-paths.test.ts,tests
next.js,test/production/debug-build-path/next.config.js,tests
next.js,test/production/debug-build-path/pages/api/hello.ts,tests
next.js,test/production/debug-build-path/pages/bar.tsx,tests
next.js,test/production/debug-build-path/pages/foo.tsx,tests
next.js,test/production/deployment-id-handling/app/tsconfig.json,tests
next.js,test/production/exported-runtimes-value-validation/invalid-middleware/middleware.js,tests
next.js,test/production/graceful-shutdown/src/tsconfig.json,tests
next.js,test/production/jest/relay/app/tsconfig.json,tests
next.js,test/production/jest/remove-react-properties/app/tsconfig.json,tests
next.js,test/production/jest/rsc/lib/utils.test.ts,tests
next.js,test/production/middleware-typescript/app/tsconfig.json,tests
next.js,test/production/next-server-nft/app/dynamic-read/page.tsx,tests
next.js,test/production/next-server-nft/next-server-nft.test.ts,tests
next.js,test/production/pages-dir/production/test/index.test.ts,tests
next.js,test/production/proxy-typescript/app/proxy.ts,tests
next.js,test/production/standalone-mode/required-server-files/app/optional-catchall/[lang]/[flags]/[[...slug]]/page.jsx,tests
next.js,test/production/standalone-mode/required-server-files/required-server-files-ppr.test.ts,tests
next.js,test/production/standalone-mode/tracing-side-effects-false/app/layout.js,tests
next.js,test/production/standalone-mode/tracing-side-effects-false/app/page.js,tests
next.js,test/production/standalone-mode/tracing-side-effects-false/foo/index.js,tests
next.js,test/production/standalone-mode/tracing-side-effects-false/foo/package.json,tests
next.js,test/production/standalone-mode/tracing-side-effects-false/foo/side-effect.js,tests
next.js,test/production/standalone-mode/tracing-side-effects-false/foo/value.js,tests
next.js,test/production/standalone-mode/tracing-side-effects-false/next.config.js,tests
next.js,test/production/standalone-mode/tracing-side-effects-false/package.json,tests
next.js,test/production/standalone-mode/tracing-side-effects-false/tracing-side-effects-false.test.ts,tests
next.js,test/production/supports-module-resolution-nodenext/tsconfig.json,tests
next.js,test/production/terser-class-static-blocks/tsconfig.json,tests
next.js,test/production/typescript-checked-side-effect-imports/tsconfig.json,tests
next.js,test/rspack-build-tests-manifest.json,tests
next.js,test/rspack-dev-tests-manifest.json,tests
next.js,test/turbopack-build-tests-manifest.json,tests
next.js,test/turbopack-dev-tests-manifest.json,tests
next.js,test/unit/isolated/config.test.ts,tests
next.js,test/unit/next-swc.test.ts,tests
next.js,test/unit/parse-page-static-info.test.ts,tests
next.js,test/unit/warn-removed-experimental-config.test.ts,tests
next.js,turbopack/crates/turbo-persistence/Cargo.toml,deps
next.js,turbopack/crates/turbo-persistence/src/db.rs,code
next.js,turbopack/crates/turbo-persistence/src/lib.rs,code
next.js,turbopack/crates/turbo-tasks-backend/Cargo.toml,deps
next.js,turbopack/crates/turbo-tasks-backend/benches/overhead.rs,code
next.js,turbopack/crates/turbo-tasks-backend/src/backend/dynamic_storage.rs,code
next.js,turbopack/crates/turbo-tasks-backend/src/backend/mod.rs,code
next.js,turbopack/crates/turbo-tasks-backend/src/backend/operation/aggregation_update.rs,code
next.js,turbopack/crates/turbo-tasks-backend/src/backend/operation/cleanup_old_edges.rs,code
next.js,turbopack/crates/turbo-tasks-backend/src/backend/operation/connect_children.rs,code
next.js,turbopack/crates/turbo-tasks-backend/src/backend/operation/invalidate.rs,code
next.js,turbopack/crates/turbo-tasks-backend/src/backend/operation/mod.rs,code
next.js,turbopack/crates/turbo-tasks-backend/src/backend/operation/update_cell.rs,code
next.js,turbopack/crates/turbo-tasks-backend/src/backend/storage.rs,code
next.js,turbopack/crates/turbo-tasks-backend/src/data_storage.rs,code
next.js,turbopack/crates/turbo-tasks-backend/src/database/db_invalidation.rs,code
next.js,turbopack/crates/turbo-tasks-backend/src/database/db_versioning.rs,code
next.js,turbopack/crates/turbo-tasks-backend/src/kv_backing_storage.rs,code
next.js,turbopack/crates/turbo-tasks-backend/src/utils/chunked_vec.rs,code
next.js,turbopack/crates/turbo-tasks-backend/src/utils/mod.rs,code
next.js,turbopack/crates/turbo-tasks-backend/src/utils/shard_amount.rs,code
next.js,turbopack/crates/turbo-tasks-backend/tests/all_in_one.rs,tests
next.js,turbopack/crates/turbo-tasks-backend/tests/detached.rs,tests
next.js,turbopack/crates/turbo-tasks-backend/tests/filter_unused_args.rs,tests
next.js,turbopack/crates/turbo-tasks-backend/tests/local_tasks.rs,tests
next.js,turbopack/crates/turbo-tasks-backend/tests/test_config.trs,tests
next.js,turbopack/crates/turbo-tasks-backend/tests/trace_transient.rs,tests
next.js,turbopack/crates/turbo-tasks-backend/tests/trait_ref_cell_mode.rs,tests
next.js,turbopack/crates/turbo-tasks-fetch/Cargo.toml,deps
next.js,turbopack/crates/turbo-tasks-fetch/src/client.rs,code
next.js,turbopack/crates/turbo-tasks-fetch/src/error.rs,code
next.js,turbopack/crates/turbo-tasks-fetch/src/lib.rs,code
next.js,turbopack/crates/turbo-tasks-fetch/tests/fetch.rs,tests
next.js,turbopack/crates/turbo-tasks-fetch/tests/test_config.trs,tests
next.js,turbopack/crates/turbo-tasks-fs/src/glob.rs,code
next.js,turbopack/crates/turbo-tasks-fs/src/lib.rs,code
next.js,turbopack/crates/turbo-tasks-fs/src/read_glob.rs,code
next.js,turbopack/crates/turbo-tasks-fs/src/rope.rs,code
next.js,turbopack/crates/turbo-tasks-fs/src/util.rs,code
next.js,turbopack/crates/turbo-tasks-macros-shared/Cargo.toml,deps
next.js,turbopack/crates/turbo-tasks-macros-shared/readme.md,docs
next.js,turbopack/crates/turbo-tasks-macros-shared/src/lib.rs,code
next.js,turbopack/crates/turbo-tasks-macros-tests/tests/function/fail_attribute_invalid_args.stderr,tests
next.js,turbopack/crates/turbo-tasks-macros-tests/tests/function/fail_attribute_invalid_args_inherent_impl.stderr,tests
next.js,turbopack/crates/turbo-tasks-macros-tests/tests/test_config.trs,tests
next.js,turbopack/crates/turbo-tasks-macros/Cargo.toml,deps
next.js,turbopack/crates/turbo-tasks-macros/src/derive/deterministic_hash_macro.rs,code
next.js,turbopack/crates/turbo-tasks-macros/src/derive/key_value_pair_macro.rs,code
next.js,turbopack/crates/turbo-tasks-macros/src/derive/task_input_macro.rs,code
next.js,turbopack/crates/turbo-tasks-macros/src/derive/trace_raw_vcs_macro.rs,code
next.js,turbopack/crates/turbo-tasks-macros/src/derive/value_debug_format_macro.rs,code
next.js,turbopack/crates/turbo-tasks-macros/src/expand.rs,code
next.js,turbopack/crates/turbo-tasks-macros/src/func.rs,code
next.js,turbopack/crates/turbo-tasks-macros/src/function_macro.rs,code
next.js,turbopack/crates/turbo-tasks-macros/src/generic_type_input.rs,code
next.js,turbopack/crates/turbo-tasks-macros/src/generic_type_macro.rs,code
next.js,turbopack/crates/turbo-tasks-macros/src/ident.rs,code
next.js,turbopack/crates/turbo-tasks-macros/src/lib.rs,code
next.js,turbopack/crates/turbo-tasks-macros/src/primitive_input.rs,code
next.js,turbopack/crates/turbo-tasks-macros/src/primitive_macro.rs,code
next.js,turbopack/crates/turbo-tasks-macros/src/self_filter.rs,code
next.js,turbopack/crates/turbo-tasks-macros/src/value_impl_macro.rs,code
next.js,turbopack/crates/turbo-tasks-macros/src/value_macro.rs,code
next.js,turbopack/crates/turbo-tasks-macros/src/value_trait_arguments.rs,code
next.js,turbopack/crates/turbo-tasks-macros/src/value_trait_macro.rs,code
next.js,turbopack/crates/turbo-tasks-testing/src/lib.rs,code
next.js,turbopack/crates/turbo-tasks-testing/src/run.rs,code
next.js,turbopack/crates/turbo-tasks/Cargo.toml,deps
next.js,turbopack/crates/turbo-tasks/src/backend.rs,code
next.js,turbopack/crates/turbo-tasks/src/capture_future.rs,code
next.js,turbopack/crates/turbo-tasks/src/completion.rs,code
next.js,turbopack/crates/turbo-tasks/src/lib.rs,code
next.js,turbopack/crates/turbo-tasks/src/macro_helpers.rs,code
next.js,turbopack/crates/turbo-tasks/src/magic_any.rs,code
next.js,turbopack/crates/turbo-tasks/src/manager.rs,code
next.js,turbopack/crates/turbo-tasks/src/native_function.rs,code
next.js,turbopack/crates/turbo-tasks/src/parallel.rs,code
next.js,turbopack/crates/turbo-tasks/src/persisted_graph.rs,code
next.js,turbopack/crates/turbo-tasks/src/primitives.rs,code
next.js,turbopack/crates/turbo-tasks/src/raw_vc.rs,code
next.js,turbopack/crates/turbo-tasks/src/read_options.rs,code
next.js,turbopack/crates/turbo-tasks/src/scope.rs,code
next.js,turbopack/crates/turbo-tasks/src/spawn.rs,code
next.js,turbopack/crates/turbo-tasks/src/task/function.rs,code
next.js,turbopack/crates/turbo-tasks/src/task/local_task.rs,code
next.js,turbopack/crates/turbo-tasks/src/task_statistics.rs,code
next.js,turbopack/crates/turbo-tasks/src/util.rs,code
next.js,turbopack/crates/turbo-tasks/src/value_type.rs,code
next.js,turbopack/crates/turbo-tasks/src/vc/cell_mode.rs,code
next.js,turbopack/crates/turbo-tasks/src/vc/mod.rs,code
next.js,turbopack/crates/turbo-tasks/src/vc/resolved.rs,code
next.js,turbopack/crates/turbo-unix-path/src/lib.rs,code
next.js,turbopack/crates/turbopack-analyze/Cargo.toml,deps
next.js,turbopack/crates/turbopack-analyze/src/lib.rs,code
next.js,turbopack/crates/turbopack-analyze/src/split_chunk.rs,code
next.js,turbopack/crates/turbopack-analyze/tests/split_chunk.rs,tests
next.js,turbopack/crates/turbopack-analyze/tests/test_config.trs,tests
next.js,turbopack/crates/turbopack-bench/Cargo.toml,deps
next.js,turbopack/crates/turbopack-browser/src/chunking_context.rs,code
next.js,turbopack/crates/turbopack-browser/src/ecmascript/chunk.rs,code
next.js,turbopack/crates/turbopack-browser/src/ecmascript/content.rs,code
next.js,turbopack/crates/turbopack-browser/src/ecmascript/evaluate/chunk.rs,code
next.js,turbopack/crates/turbopack-browser/src/ecmascript/list/asset.rs,code
next.js,turbopack/crates/turbopack-browser/src/ecmascript/list/update.rs,code
next.js,turbopack/crates/turbopack-browser/src/ecmascript/version.rs,code
next.js,turbopack/crates/turbopack-cli/Cargo.toml,deps
next.js,turbopack/crates/turbopack-cli/src/build/mod.rs,code
next.js,turbopack/crates/turbopack-cli/src/dev/mod.rs,code
next.js,turbopack/crates/turbopack-cli/src/dev/web_entry_source.rs,code
next.js,turbopack/crates/turbopack-cli/src/util.rs,code
next.js,turbopack/crates/turbopack-core/Cargo.toml,deps
next.js,turbopack/crates/turbopack-core/src/changed.rs,code
next.js,turbopack/crates/turbopack-core/src/chunk/availability_info.rs,code
next.js,turbopack/crates/turbopack-core/src/chunk/available_modules.rs,code
next.js,turbopack/crates/turbopack-core/src/chunk/chunk_group.rs,code
next.js,turbopack/crates/turbopack-core/src/chunk/chunking/dev.rs,code
next.js,turbopack/crates/turbopack-core/src/chunk/chunking/mod.rs,code
next.js,turbopack/crates/turbopack-core/src/chunk/chunking_context.rs,code
next.js,turbopack/crates/turbopack-core/src/chunk/mod.rs,code
next.js,turbopack/crates/turbopack-core/src/introspect/output_asset.rs,code
next.js,turbopack/crates/turbopack-core/src/introspect/utils.rs,code
next.js,turbopack/crates/turbopack-core/src/issue/mod.rs,code
next.js,turbopack/crates/turbopack-core/src/module.rs,code
next.js,turbopack/crates/turbopack-core/src/module_graph/async_module_info.rs,code
next.js,turbopack/crates/turbopack-core/src/module_graph/chunk_group_info.rs,code
next.js,turbopack/crates/turbopack-core/src/module_graph/export_usage.rs,code
next.js,turbopack/crates/turbopack-core/src/module_graph/merged_modules.rs,code
next.js,turbopack/crates/turbopack-core/src/module_graph/mod.rs,code
next.js,turbopack/crates/turbopack-core/src/module_graph/module_batch.rs,code
next.js,turbopack/crates/turbopack-core/src/module_graph/module_batches.rs,code
next.js,turbopack/crates/turbopack-core/src/output.rs,code
next.js,turbopack/crates/turbopack-core/src/proxied_asset.rs,code
next.js,turbopack/crates/turbopack-core/src/raw_output.rs,code
next.js,turbopack/crates/turbopack-core/src/rebase.rs,code
next.js,turbopack/crates/turbopack-core/src/reference/mod.rs,code
next.js,turbopack/crates/turbopack-core/src/reference_type.rs,code
next.js,turbopack/crates/turbopack-core/src/resolve/alias_map.rs,code
next.js,turbopack/crates/turbopack-core/src/resolve/mod.rs,code
next.js,turbopack/crates/turbopack-core/src/resolve/options.rs,code
next.js,turbopack/crates/turbopack-core/src/source_map/mod.rs,code
next.js,turbopack/crates/turbopack-core/src/source_map/source_map_asset.rs,code
next.js,turbopack/crates/turbopack-core/src/source_map/utils.rs,code
next.js,turbopack/crates/turbopack-core/src/traced_asset.rs,code
next.js,turbopack/crates/turbopack-core/src/version.rs,code
next.js,turbopack/crates/turbopack-core/src/virtual_output.rs,code
next.js,turbopack/crates/turbopack-css/src/asset.rs,code
next.js,turbopack/crates/turbopack-css/src/chunk/mod.rs,code
next.js,turbopack/crates/turbopack-css/src/chunk/single_item_chunk/chunk.rs,code
next.js,turbopack/crates/turbopack-css/src/chunk/single_item_chunk/source_map.rs,code
next.js,turbopack/crates/turbopack-css/src/chunk/source_map.rs,code
next.js,turbopack/crates/turbopack-css/src/code_gen.rs,code
next.js,turbopack/crates/turbopack-css/src/module_asset.rs,code
next.js,turbopack/crates/turbopack-css/src/process.rs,code
next.js,turbopack/crates/turbopack-css/src/references/import.rs,code
next.js,turbopack/crates/turbopack-css/src/references/mod.rs,code
next.js,turbopack/crates/turbopack-css/src/references/url.rs,code
next.js,turbopack/crates/turbopack-dev-server/src/html.rs,code
next.js,turbopack/crates/turbopack-dev-server/src/source/asset_graph.rs,code
next.js,turbopack/crates/turbopack-ecmascript-plugins/src/transform/swc_ecma_transform_plugins.rs,code
next.js,turbopack/crates/turbopack-ecmascript-runtime/js/src/shared/runtime-utils.ts,code
next.js,turbopack/crates/turbopack-ecmascript-runtime/src/asset_context.rs,code
next.js,turbopack/crates/turbopack-ecmascript-runtime/src/browser_runtime.rs,code
next.js,turbopack/crates/turbopack-ecmascript/Cargo.toml,deps
next.js,turbopack/crates/turbopack-ecmascript/benches/analyzer.rs,code
next.js,turbopack/crates/turbopack-ecmascript/benches/references.rs,code
next.js,turbopack/crates/turbopack-ecmascript/src/analyzer/graph.rs,code
next.js,turbopack/crates/turbopack-ecmascript/src/analyzer/mod.rs,code
next.js,turbopack/crates/turbopack-ecmascript/src/analyzer/well_known.rs,code
next.js,turbopack/crates/turbopack-ecmascript/src/async_chunk/chunk_item.rs,code
next.js,turbopack/crates/turbopack-ecmascript/src/async_chunk/module.rs,code
next.js,turbopack/crates/turbopack-ecmascript/src/chunk/batch.rs,code
next.js,turbopack/crates/turbopack-ecmascript/src/chunk/chunk_type.rs,code
next.js,turbopack/crates/turbopack-ecmascript/src/chunk/item.rs,code
next.js,turbopack/crates/turbopack-ecmascript/src/chunk/mod.rs,code
next.js,turbopack/crates/turbopack-ecmascript/src/chunk/placeable.rs,code
next.js,turbopack/crates/turbopack-ecmascript/src/code_gen.rs,code
next.js,turbopack/crates/turbopack-ecmascript/src/inlined_bytes_module.rs,code
next.js,turbopack/crates/turbopack-ecmascript/src/lib.rs,code
next.js,turbopack/crates/turbopack-ecmascript/src/magic_identifier.rs,code
next.js,turbopack/crates/turbopack-ecmascript/src/manifest/chunk_asset.rs,code
next.js,turbopack/crates/turbopack-ecmascript/src/manifest/chunk_item.rs,code
next.js,turbopack/crates/turbopack-ecmascript/src/manifest/loader_item.rs,code
next.js,turbopack/crates/turbopack-ecmascript/src/merged_module.rs,code
next.js,turbopack/crates/turbopack-ecmascript/src/parse.rs,code
next.js,turbopack/crates/turbopack-ecmascript/src/path_visitor.rs,code
next.js,turbopack/crates/turbopack-ecmascript/src/references/amd.rs,code
next.js,turbopack/crates/turbopack-ecmascript/src/references/cjs.rs,code
next.js,turbopack/crates/turbopack-ecmascript/src/references/constant_condition.rs,code
next.js,turbopack/crates/turbopack-ecmascript/src/references/constant_value.rs,code
next.js,turbopack/crates/turbopack-ecmascript/src/references/dynamic_expression.rs,code
next.js,turbopack/crates/turbopack-ecmascript/src/references/esm/base.rs,code
next.js,turbopack/crates/turbopack-ecmascript/src/references/esm/dynamic.rs,code
next.js,turbopack/crates/turbopack-ecmascript/src/references/esm/meta.rs,code
next.js,turbopack/crates/turbopack-ecmascript/src/references/esm/module_id.rs,code
next.js,turbopack/crates/turbopack-ecmascript/src/references/esm/module_item.rs,code
next.js,turbopack/crates/turbopack-ecmascript/src/references/esm/url.rs,code
next.js,turbopack/crates/turbopack-ecmascript/src/references/exports_info.rs,code
next.js,turbopack/crates/turbopack-ecmascript/src/references/external_module.rs,code
next.js,turbopack/crates/turbopack-ecmascript/src/references/ident.rs,code
next.js,turbopack/crates/turbopack-ecmascript/src/references/member.rs,code
next.js,turbopack/crates/turbopack-ecmascript/src/references/mod.rs,code
next.js,turbopack/crates/turbopack-ecmascript/src/references/node.rs,code
next.js,turbopack/crates/turbopack-ecmascript/src/references/raw.rs,code
next.js,turbopack/crates/turbopack-ecmascript/src/references/replace_parent_with_child.rs,code
next.js,turbopack/crates/turbopack-ecmascript/src/references/require_context.rs,code
next.js,turbopack/crates/turbopack-ecmascript/src/references/type_issue.rs,code
next.js,turbopack/crates/turbopack-ecmascript/src/references/unreachable.rs,code
next.js,turbopack/crates/turbopack-ecmascript/src/references/util.rs,code
next.js,turbopack/crates/turbopack-ecmascript/src/references/worker.rs,code
next.js,turbopack/crates/turbopack-ecmascript/src/side_effect_optimization/facade/chunk_item.rs,code
next.js,turbopack/crates/turbopack-ecmascript/src/side_effect_optimization/facade/module.rs,code
next.js,turbopack/crates/turbopack-ecmascript/src/side_effect_optimization/locals/chunk_item.rs,code
next.js,turbopack/crates/turbopack-ecmascript/src/side_effect_optimization/locals/module.rs,code
next.js,turbopack/crates/turbopack-ecmascript/src/single_file_ecmascript_output.rs,code
next.js,turbopack/crates/turbopack-ecmascript/src/static_code.rs,code
next.js,turbopack/crates/turbopack-ecmascript/src/transform/mod.rs,code
next.js,turbopack/crates/turbopack-ecmascript/src/tree_shake/asset.rs,code
next.js,turbopack/crates/turbopack-ecmascript/src/tree_shake/chunk_item.rs,code
next.js,turbopack/crates/turbopack-ecmascript/src/tree_shake/side_effect_module.rs,code
next.js,turbopack/crates/turbopack-ecmascript/src/utils.rs,code
next.js,turbopack/crates/turbopack-ecmascript/src/webpack/parse.rs,code
next.js,turbopack/crates/turbopack-ecmascript/src/webpack/references.rs,code
next.js,turbopack/crates/turbopack-ecmascript/src/worker_chunk/chunk_item.rs,code
next.js,turbopack/crates/turbopack-ecmascript/src/worker_chunk/module.rs,code
next.js,turbopack/crates/turbopack-ecmascript/tests/analyzer/graph/conditional-import/graph-effects.snapshot,tests
next.js,turbopack/crates/turbopack-ecmascript/tests/analyzer/graph/conditional-import/resolved-effects.snapshot,tests
next.js,turbopack/crates/turbopack-ecmascript/tests/analyzer/graph/esbuild/graph-effects.snapshot,tests
next.js,turbopack/crates/turbopack-ecmascript/tests/analyzer/graph/esbuild/resolved-effects.snapshot,tests
next.js,turbopack/crates/turbopack-ecmascript/tests/analyzer/graph/iife-2/graph-effects.snapshot,tests
next.js,turbopack/crates/turbopack-ecmascript/tests/analyzer/graph/iife-2/resolved-effects.snapshot,tests
next.js,turbopack/crates/turbopack-ecmascript/tests/analyzer/graph/logical/graph-effects.snapshot,tests
next.js,turbopack/crates/turbopack-ecmascript/tests/analyzer/graph/logical/resolved-effects.snapshot,tests
next.js,turbopack/crates/turbopack-ecmascript/tests/analyzer/graph/md5_2/graph-effects.snapshot,tests
next.js,turbopack/crates/turbopack-ecmascript/tests/analyzer/graph/md5_2/resolved-effects.snapshot,tests
next.js,turbopack/crates/turbopack-ecmascript/tests/analyzer/graph/op-assign/graph-effects.snapshot,tests
next.js,turbopack/crates/turbopack-ecmascript/tests/analyzer/graph/op-assign/resolved-effects.snapshot,tests
next.js,turbopack/crates/turbopack-ecmascript/tests/analyzer/graph/pack-2682/graph-effects.snapshot,tests
next.js,turbopack/crates/turbopack-ecmascript/tests/analyzer/graph/pack-2682/resolved-effects.snapshot,tests
next.js,turbopack/crates/turbopack-ecmascript/tests/analyzer/graph/peg/resolved-effects.snapshot,tests
next.js,turbopack/crates/turbopack-ecmascript/tests/analyzer/graph/react-dom-production/graph-explained.snapshot,tests
next.js,turbopack/crates/turbopack-ecmascript/tests/analyzer/graph/react-dom-production/resolved-effects.snapshot,tests
next.js,turbopack/crates/turbopack-ecmascript/tests/analyzer/graph/react-dom-production/resolved-explained.snapshot,tests
next.js,turbopack/crates/turbopack-ecmascript/tests/analyzer/graph/this-binding/graph-effects.snapshot,tests
next.js,turbopack/crates/turbopack-ecmascript/tests/analyzer/graph/this-binding/graph-explained.snapshot,tests
next.js,turbopack/crates/turbopack-ecmascript/tests/analyzer/graph/this-binding/graph.snapshot,tests
next.js,turbopack/crates/turbopack-ecmascript/tests/analyzer/graph/this-binding/input.js,tests
next.js,turbopack/crates/turbopack-ecmascript/tests/analyzer/graph/this-binding/resolved-effects.snapshot,tests
next.js,turbopack/crates/turbopack-ecmascript/tests/analyzer/graph/this-binding/resolved-explained.snapshot,tests
next.js,turbopack/crates/turbopack-ecmascript/tests/analyzer/graph/unreachable-break/graph-effects.snapshot,tests
next.js,turbopack/crates/turbopack-ecmascript/tests/analyzer/graph/unreachable-break/resolved-effects.snapshot,tests
next.js,turbopack/crates/turbopack-ecmascript/tests/analyzer/graph/unreachable/graph-effects.snapshot,tests
next.js,turbopack/crates/turbopack-ecmascript/tests/analyzer/graph/unreachable/graph-explained.snapshot,tests
next.js,turbopack/crates/turbopack-ecmascript/tests/analyzer/graph/unreachable/graph.snapshot,tests
next.js,turbopack/crates/turbopack-ecmascript/tests/analyzer/graph/unreachable/input.js,tests
next.js,turbopack/crates/turbopack-ecmascript/tests/analyzer/graph/unreachable/resolved-effects.snapshot,tests
next.js,turbopack/crates/turbopack-ecmascript/tests/analyzer/graph/unreachable/resolved-explained.snapshot,tests
next.js,turbopack/crates/turbopack-ecmascript/tests/analyzer/graph/webpack-target-node/graph-explained.snapshot,tests
next.js,turbopack/crates/turbopack-ecmascript/tests/analyzer/graph/webpack-target-node/graph.snapshot,tests
next.js,turbopack/crates/turbopack-ecmascript/tests/analyzer/graph/webpack-target-node/resolved-effects.snapshot,tests
next.js,turbopack/crates/turbopack-ecmascript/tests/analyzer/graph/webpack-target-node/resolved-explained.snapshot,tests
next.js,turbopack/crates/turbopack-env/src/issue.rs,code
next.js,turbopack/crates/turbopack-image/src/process/mod.rs,code
next.js,turbopack/crates/turbopack-json/src/lib.rs,code
next.js,turbopack/crates/turbopack-nft/Cargo.toml,deps
next.js,turbopack/crates/turbopack-nft/src/nft.rs,code
next.js,turbopack/crates/turbopack-node/src/evaluate.rs,code
next.js,turbopack/crates/turbopack-node/src/lib.rs,code
next.js,turbopack/crates/turbopack-node/src/pool.rs,code
next.js,turbopack/crates/turbopack-node/src/route_matcher.rs,code
next.js,turbopack/crates/turbopack-node/src/source_map/mod.rs,code
next.js,turbopack/crates/turbopack-node/src/transforms/postcss.rs,code
next.js,turbopack/crates/turbopack-node/src/transforms/webpack.rs,code
next.js,turbopack/crates/turbopack-nodejs/src/chunking_context.rs,code
next.js,turbopack/crates/turbopack-nodejs/src/ecmascript/node/chunk.rs,code
next.js,turbopack/crates/turbopack-nodejs/src/ecmascript/node/entry/chunk.rs,code
next.js,turbopack/crates/turbopack-nodejs/src/ecmascript/node/entry/runtime.rs,code
next.js,turbopack/crates/turbopack-nodejs/src/ecmascript/node/version.rs,code
next.js,turbopack/crates/turbopack-resolve/src/ecmascript.rs,code
next.js,turbopack/crates/turbopack-resolve/src/resolve.rs,code
next.js,turbopack/crates/turbopack-resolve/src/resolve_options_context.rs,code
next.js,turbopack/crates/turbopack-resolve/src/typescript.rs,code
next.js,turbopack/crates/turbopack-static/src/css.rs,code
next.js,turbopack/crates/turbopack-static/src/ecma.rs,code
next.js,turbopack/crates/turbopack-static/src/fixed.rs,code
next.js,turbopack/crates/turbopack-static/src/output_asset.rs,code
next.js,turbopack/crates/turbopack-tests/tests/execution.rs,tests
next.js,turbopack/crates/turbopack-tests/tests/execution/turbopack/basic/compound-assign-in-conditional/input/index.js,tests
next.js,turbopack/crates/turbopack-tests/tests/execution/turbopack/chunking/combinations/input/a0.js,tests
next.js,turbopack/crates/turbopack-tests/tests/execution/turbopack/chunking/combinations/input/a1.js,tests
next.js,turbopack/crates/turbopack-tests/tests/execution/turbopack/chunking/combinations/input/a2.js,tests
next.js,turbopack/crates/turbopack-tests/tests/execution/turbopack/chunking/combinations/input/a3.js,tests
next.js,turbopack/crates/turbopack-tests/tests/execution/turbopack/chunking/combinations/input/a4.js,tests
next.js,turbopack/crates/turbopack-tests/tests/execution/turbopack/chunking/combinations/input/a5.js,tests
next.js,turbopack/crates/turbopack-tests/tests/execution/turbopack/chunking/combinations/input/a6.js,tests
next.js,turbopack/crates/turbopack-tests/tests/execution/turbopack/chunking/combinations/input/a7.js,tests
next.js,turbopack/crates/turbopack-tests/tests/execution/turbopack/chunking/combinations/input/a8.js,tests
next.js,turbopack/crates/turbopack-tests/tests/execution/turbopack/chunking/combinations/input/a9.js,tests
next.js,turbopack/crates/turbopack-tests/tests/execution/turbopack/chunking/combinations/input/b0.js,tests
next.js,turbopack/crates/turbopack-tests/tests/execution/turbopack/chunking/combinations/input/b1.js,tests
next.js,turbopack/crates/turbopack-tests/tests/execution/turbopack/chunking/combinations/input/b2.js,tests
next.js,turbopack/crates/turbopack-tests/tests/execution/turbopack/chunking/combinations/input/b3.js,tests
next.js,turbopack/crates/turbopack-tests/tests/execution/turbopack/chunking/combinations/input/b4.js,tests
next.js,turbopack/crates/turbopack-tests/tests/execution/turbopack/chunking/combinations/input/b5.js,tests
next.js,turbopack/crates/turbopack-tests/tests/execution/turbopack/chunking/combinations/input/b6.js,tests
next.js,turbopack/crates/turbopack-tests/tests/execution/turbopack/chunking/combinations/input/b7.js,tests
next.js,turbopack/crates/turbopack-tests/tests/execution/turbopack/chunking/combinations/input/b8.js,tests
next.js,turbopack/crates/turbopack-tests/tests/execution/turbopack/chunking/combinations/input/b9.js,tests
next.js,turbopack/crates/turbopack-tests/tests/execution/turbopack/chunking/combinations/input/c0.js,tests
next.js,turbopack/crates/turbopack-tests/tests/execution/turbopack/chunking/combinations/input/c1.js,tests
next.js,turbopack/crates/turbopack-tests/tests/execution/turbopack/chunking/combinations/input/c2.js,tests
next.js,turbopack/crates/turbopack-tests/tests/execution/turbopack/chunking/combinations/input/c3.js,tests
next.js,turbopack/crates/turbopack-tests/tests/execution/turbopack/chunking/combinations/input/c4.js,tests
next.js,turbopack/crates/turbopack-tests/tests/execution/turbopack/chunking/combinations/input/c5.js,tests
next.js,turbopack/crates/turbopack-tests/tests/execution/turbopack/chunking/combinations/input/c6.js,tests
next.js,turbopack/crates/turbopack-tests/tests/execution/turbopack/chunking/combinations/input/c7.js,tests
next.js,turbopack/crates/turbopack-tests/tests/execution/turbopack/chunking/combinations/input/c8.js,tests
next.js,turbopack/crates/turbopack-tests/tests/execution/turbopack/chunking/combinations/input/c9.js,tests
next.js,turbopack/crates/turbopack-tests/tests/execution/turbopack/chunking/combinations/input/d.js,tests
next.js,turbopack/crates/turbopack-tests/tests/execution/turbopack/chunking/combinations/input/index.js,tests
next.js,turbopack/crates/turbopack-tests/tests/execution/turbopack/chunking/combinations/options.json,tests
next.js,turbopack/crates/turbopack-tests/tests/execution/turbopack/chunking/cycle-combinations-build/input/a.js,tests
next.js,turbopack/crates/turbopack-tests/tests/execution/turbopack/chunking/cycle-combinations-build/input/a1.js,tests
next.js,turbopack/crates/turbopack-tests/tests/execution/turbopack/chunking/cycle-combinations-build/input/a2.js,tests
next.js,turbopack/crates/turbopack-tests/tests/execution/turbopack/chunking/cycle-combinations-build/input/a3.js,tests
next.js,turbopack/crates/turbopack-tests/tests/execution/turbopack/chunking/cycle-combinations-build/input/a4.js,tests
next.js,turbopack/crates/turbopack-tests/tests/execution/turbopack/chunking/cycle-combinations-build/input/a5.js,tests
next.js,turbopack/crates/turbopack-tests/tests/execution/turbopack/chunking/cycle-combinations-build/input/a6.js,tests
next.js,turbopack/crates/turbopack-tests/tests/execution/turbopack/chunking/cycle-combinations-build/input/a7.js,tests
next.js,turbopack/crates/turbopack-tests/tests/execution/turbopack/chunking/cycle-combinations-build/input/a8.js,tests
next.js,turbopack/crates/turbopack-tests/tests/execution/turbopack/chunking/cycle-combinations-build/input/b.js,tests
next.js,turbopack/crates/turbopack-tests/tests/execution/turbopack/chunking/cycle-combinations-build/input/b1.js,tests
next.js,turbopack/crates/turbopack-tests/tests/execution/turbopack/chunking/cycle-combinations-build/input/b2.js,tests
next.js,turbopack/crates/turbopack-tests/tests/execution/turbopack/chunking/cycle-combinations-build/input/b3.js,tests
next.js,turbopack/crates/turbopack-tests/tests/execution/turbopack/chunking/cycle-combinations-build/input/b4.js,tests
next.js,turbopack/crates/turbopack-tests/tests/execution/turbopack/chunking/cycle-combinations-build/input/b5.js,tests
next.js,turbopack/crates/turbopack-tests/tests/execution/turbopack/chunking/cycle-combinations-build/input/b6.js,tests
next.js,turbopack/crates/turbopack-tests/tests/execution/turbopack/chunking/cycle-combinations-build/input/b7.js,tests
next.js,turbopack/crates/turbopack-tests/tests/execution/turbopack/chunking/cycle-combinations-build/input/b8.js,tests
next.js,turbopack/crates/turbopack-tests/tests/execution/turbopack/chunking/cycle-combinations-build/input/index.js,tests
next.js,turbopack/crates/turbopack-tests/tests/execution/turbopack/chunking/cycle-combinations-build/options.json,tests
next.js,turbopack/crates/turbopack-tests/tests/execution/turbopack/chunking/cycle-combinations/input/a.js,tests
next.js,turbopack/crates/turbopack-tests/tests/execution/turbopack/chunking/cycle-combinations/input/a1.js,tests
next.js,turbopack/crates/turbopack-tests/tests/execution/turbopack/chunking/cycle-combinations/input/a2.js,tests
next.js,turbopack/crates/turbopack-tests/tests/execution/turbopack/chunking/cycle-combinations/input/a3.js,tests
next.js,turbopack/crates/turbopack-tests/tests/execution/turbopack/chunking/cycle-combinations/input/a4.js,tests
next.js,turbopack/crates/turbopack-tests/tests/execution/turbopack/chunking/cycle-combinations/input/a5.js,tests
next.js,turbopack/crates/turbopack-tests/tests/execution/turbopack/chunking/cycle-combinations/input/a6.js,tests
next.js,turbopack/crates/turbopack-tests/tests/execution/turbopack/chunking/cycle-combinations/input/a7.js,tests
next.js,turbopack/crates/turbopack-tests/tests/execution/turbopack/chunking/cycle-combinations/input/a8.js,tests
next.js,turbopack/crates/turbopack-tests/tests/execution/turbopack/chunking/cycle-combinations/input/b.js,tests
next.js,turbopack/crates/turbopack-tests/tests/execution/turbopack/chunking/cycle-combinations/input/b1.js,tests
next.js,turbopack/crates/turbopack-tests/tests/execution/turbopack/chunking/cycle-combinations/input/b2.js,tests
next.js,turbopack/crates/turbopack-tests/tests/execution/turbopack/chunking/cycle-combinations/input/b3.js,tests
next.js,turbopack/crates/turbopack-tests/tests/execution/turbopack/chunking/cycle-combinations/input/b4.js,tests
next.js,turbopack/crates/turbopack-tests/tests/execution/turbopack/chunking/cycle-combinations/input/b5.js,tests
next.js,turbopack/crates/turbopack-tests/tests/execution/turbopack/chunking/cycle-combinations/input/b6.js,tests
next.js,turbopack/crates/turbopack-tests/tests/execution/turbopack/chunking/cycle-combinations/input/b7.js,tests
next.js,turbopack/crates/turbopack-tests/tests/execution/turbopack/chunking/cycle-combinations/input/b8.js,tests
next.js,turbopack/crates/turbopack-tests/tests/execution/turbopack/chunking/cycle-combinations/input/index.js,tests
next.js,turbopack/crates/turbopack-tests/tests/execution/turbopack/code-gen/exports-info/input/index.js,tests
next.js,turbopack/crates/turbopack-tests/tests/execution/turbopack/code-gen/exports-info/input/module.js,tests
next.js,turbopack/crates/turbopack-tests/tests/execution/turbopack/tree-shaking/ignore-side-effect-free-module/input/cjs.js,tests
next.js,turbopack/crates/turbopack-tests/tests/execution/turbopack/tree-shaking/ignore-side-effect-free-module/input/index.js,tests
next.js,turbopack/crates/turbopack-tests/tests/execution/turbopack/tree-shaking/ignore-side-effect-free-module/input/js.js,tests
next.js,turbopack/crates/turbopack-tests/tests/execution/turbopack/tree-shaking/ignore-side-effect-free-module/input/json.js,tests
next.js,turbopack/crates/turbopack-tests/tests/execution/turbopack/tree-shaking/ignore-side-effect-free-module/input/package.json,tests
next.js,turbopack/crates/turbopack-tests/tests/execution/turbopack/tree-shaking/ignore-side-effect-free-module/input/unused.cjs,tests
next.js,turbopack/crates/turbopack-tests/tests/execution/turbopack/tree-shaking/ignore-side-effect-free-module/input/unused.js,tests
next.js,turbopack/crates/turbopack-tests/tests/execution/turbopack/tree-shaking/ignore-side-effect-free-module/input/unused.json,tests
next.js,turbopack/crates/turbopack-tests/tests/execution/turbopack/tree-shaking/ignore-side-effect-free-module/input/used.cjs,tests
next.js,turbopack/crates/turbopack-tests/tests/execution/turbopack/tree-shaking/ignore-side-effect-free-module/input/used.js,tests
next.js,turbopack/crates/turbopack-tests/tests/execution/turbopack/tree-shaking/ignore-side-effect-free-module/input/used.json,tests
next.js,turbopack/crates/turbopack-tests/tests/execution/turbopack/tree-shaking/ignore-side-effect-free-module/options.json,tests
next.js,turbopack/crates/turbopack-tests/tests/snapshot.rs,tests
next.js,turbopack/crates/turbopack-tests/tests/snapshot/basic-tree-shake/dynamic-import/output/ad3e4_tests_snapshot_basic-tree-shake_dynamic-import_input_index_7dac1ace.js,tests
next.js,turbopack/crates/turbopack-tests/tests/snapshot/basic-tree-shake/dynamic-import/output/ad3e4_tests_snapshot_basic-tree-shake_dynamic-import_input_index_b76b6413.js,tests
next.js,turbopack/crates/turbopack-tests/tests/snapshot/basic-tree-shake/dynamic-import/output/bf321_tests_snapshot_basic-tree-shake_dynamic-import_input_index_7dac1ace.js.map,tests
next.js,turbopack/crates/turbopack-tests/tests/snapshot/basic-tree-shake/dynamic-import/output/bf321_tests_snapshot_basic-tree-shake_dynamic-import_input_index_b76b6413.js.map,tests
next.js,turbopack/crates/turbopack-tests/tests/snapshot/basic-tree-shake/dynamic-import/output/bf321_tests_snapshot_basic-tree-shake_dynamic-import_input_lib_ee638b2a.js,tests
next.js,turbopack/crates/turbopack-tests/tests/snapshot/basic-tree-shake/dynamic-import/output/bf321_tests_snapshot_basic-tree-shake_dynamic-import_input_lib_ee638b2a.js.map,tests
next.js,turbopack/crates/turbopack-tests/tests/snapshot/basic-tree-shake/dynamic-import/output/bf321_tests_snapshot_basic-tree-shake_dynamic-import_input_lib_faab8782.js,tests
next.js,turbopack/crates/turbopack-tests/tests/snapshot/basic-tree-shake/dynamic-import/output/bf321_tests_snapshot_basic-tree-shake_dynamic-import_input_lib_faab8782.js.map,tests
next.js,turbopack/crates/turbopack-tests/tests/snapshot/basic/async_chunk/output/aaf3a_crates_turbopack-tests_tests_snapshot_basic_async_chunk_input_import_c0ebb290.js,tests
next.js,turbopack/crates/turbopack-tests/tests/snapshot/basic/async_chunk/output/aaf3a_crates_turbopack-tests_tests_snapshot_basic_async_chunk_input_import_c0ebb290.js.map,tests
next.js,turbopack/crates/turbopack-tests/tests/snapshot/basic/async_chunk/output/aaf3a_crates_turbopack-tests_tests_snapshot_basic_async_chunk_input_import_f902fbe2.js,tests
next.js,turbopack/crates/turbopack-tests/tests/snapshot/basic/async_chunk/output/aaf3a_crates_turbopack-tests_tests_snapshot_basic_async_chunk_input_import_f902fbe2.js.map,tests
next.js,turbopack/crates/turbopack-tests/tests/snapshot/basic/async_chunk/output/aaf3a_crates_turbopack-tests_tests_snapshot_basic_async_chunk_input_index_798254f9.js.map,tests
next.js,turbopack/crates/turbopack-tests/tests/snapshot/basic/async_chunk/output/aaf3a_crates_turbopack-tests_tests_snapshot_basic_async_chunk_input_index_da1eef81.js.map,tests
next.js,turbopack/crates/turbopack-tests/tests/snapshot/basic/async_chunk/output/ba425_crates_turbopack-tests_tests_snapshot_basic_async_chunk_input_index_798254f9.js,tests
next.js,turbopack/crates/turbopack-tests/tests/snapshot/basic/async_chunk/output/ba425_crates_turbopack-tests_tests_snapshot_basic_async_chunk_input_index_da1eef81.js,tests
next.js,turbopack/crates/turbopack-tests/tests/snapshot/basic/async_chunk_build/options.json,tests
next.js,turbopack/crates/turbopack-tests/tests/snapshot/basic/async_chunk_build/output/780ce_turbopack-tests_tests_snapshot_basic_async_chunk_build_input_import_92c37d3e.js,tests
next.js,turbopack/crates/turbopack-tests/tests/snapshot/basic/async_chunk_build/output/aaf3a_crates_turbopack-tests_tests_snapshot_basic_async_chunk_build_input_22f8582a._.js,tests
next.js,turbopack/crates/turbopack-tests/tests/snapshot/basic/async_chunk_build/output/aaf3a_crates_turbopack-tests_tests_snapshot_basic_async_chunk_build_input_22f8582a._.js.map,tests
next.js,turbopack/crates/turbopack-tests/tests/snapshot/basic/async_chunk_build/output/aaf3a_crates_turbopack-tests_tests_snapshot_basic_async_chunk_build_input_4eca5628._.js,tests
next.js,turbopack/crates/turbopack-tests/tests/snapshot/basic/async_chunk_build/output/aaf3a_crates_turbopack-tests_tests_snapshot_basic_async_chunk_build_input_4eca5628._.js.map,tests
next.js,turbopack/crates/turbopack-tests/tests/snapshot/basic/async_chunk_build/output/aaf3a_crates_turbopack-tests_tests_snapshot_basic_async_chunk_build_input_b1ba777f._.js.map,tests
next.js,turbopack/crates/turbopack-tests/tests/snapshot/basic/async_chunk_build/output/aaf3a_crates_turbopack-tests_tests_snapshot_basic_async_chunk_build_input_b318686d._.js.map,tests
next.js,turbopack/crates/turbopack-tests/tests/snapshot/basic/async_chunk_build/output/aaf3a_crates_turbopack-tests_tests_snapshot_basic_async_chunk_build_input_c808baa6._.js,tests
next.js,turbopack/crates/turbopack-tests/tests/snapshot/basic/async_chunk_build/output/aaf3a_crates_turbopack-tests_tests_snapshot_basic_async_chunk_build_input_c808baa6._.js.map,tests
next.js,turbopack/crates/turbopack-tests/tests/snapshot/basic/async_chunk_build/output/index.entry.js,tests
next.js,turbopack/crates/turbopack-tests/tests/snapshot/basic/top-level-await/output/5c1d0_turbopack-tests_tests_snapshot_basic_top-level-await_input_index_e358aa48.js,tests
next.js,turbopack/crates/turbopack-tests/tests/snapshot/basic/top-level-await/output/5c1d0_turbopack-tests_tests_snapshot_basic_top-level-await_input_index_fa502a1e.js,tests
next.js,turbopack/crates/turbopack-tests/tests/snapshot/basic/top-level-await/output/780ce_turbopack-tests_tests_snapshot_basic_top-level-await_input_UserAPI_284cef63.js,tests
next.js,turbopack/crates/turbopack-tests/tests/snapshot/basic/top-level-await/output/780ce_turbopack-tests_tests_snapshot_basic_top-level-await_input_UserAPI_284cef63.js.map,tests
next.js,turbopack/crates/turbopack-tests/tests/snapshot/basic/top-level-await/output/780ce_turbopack-tests_tests_snapshot_basic_top-level-await_input_UserAPI_fa7b649a.js,tests
next.js,turbopack/crates/turbopack-tests/tests/snapshot/basic/top-level-await/output/780ce_turbopack-tests_tests_snapshot_basic_top-level-await_input_UserAPI_fa7b649a.js.map,tests
next.js,turbopack/crates/turbopack-tests/tests/snapshot/basic/top-level-await/output/780ce_turbopack-tests_tests_snapshot_basic_top-level-await_input_index_e358aa48.js.map,tests
next.js,turbopack/crates/turbopack-tests/tests/snapshot/basic/top-level-await/output/780ce_turbopack-tests_tests_snapshot_basic_top-level-await_input_index_fa502a1e.js.map,tests
next.js,turbopack/crates/turbopack-tests/tests/snapshot/comptime/define/input/index.js,tests
next.js,turbopack/crates/turbopack-tests/tests/snapshot/comptime/define/output/aaf3a_crates_turbopack-tests_tests_snapshot_comptime_define_input_index_aec19b5a.js,tests
next.js,turbopack/crates/turbopack-tests/tests/snapshot/comptime/define/output/aaf3a_crates_turbopack-tests_tests_snapshot_comptime_define_input_index_aec19b5a.js.map,tests
next.js,turbopack/crates/turbopack-tests/tests/snapshot/comptime/early-return/input/module.js,tests
next.js,turbopack/crates/turbopack-tests/tests/snapshot/comptime/early-return/output/aaf3a_crates_turbopack-tests_tests_snapshot_comptime_early-return_input_022ddac5._.js,tests
next.js,turbopack/crates/turbopack-tests/tests/snapshot/comptime/early-return/output/aaf3a_crates_turbopack-tests_tests_snapshot_comptime_early-return_input_022ddac5._.js.map,tests
next.js,turbopack/crates/turbopack-tests/tests/snapshot/css/css-modules/output/780ce_turbopack-tests_tests_snapshot_css_css-modules_input_style_module_css_525790c8._.js,tests
next.js,turbopack/crates/turbopack-tests/tests/snapshot/css/css-modules/output/780ce_turbopack-tests_tests_snapshot_css_css-modules_input_style_module_css_525790c8._.js.map,tests
next.js,turbopack/crates/turbopack-tests/tests/snapshot/css/css-modules/output/780ce_turbopack-tests_tests_snapshot_css_css-modules_input_style_module_css_7b8dd0cf._.js,tests
next.js,turbopack/crates/turbopack-tests/tests/snapshot/css/css-modules/output/780ce_turbopack-tests_tests_snapshot_css_css-modules_input_style_module_css_7b8dd0cf._.js.map,tests
next.js,turbopack/crates/turbopack-tests/tests/snapshot/css/css-modules/output/aaf3a_crates_turbopack-tests_tests_snapshot_css_css-modules_input_index_b380dab6.js.map,tests
next.js,turbopack/crates/turbopack-tests/tests/snapshot/css/css-modules/output/aaf3a_crates_turbopack-tests_tests_snapshot_css_css-modules_input_index_d09bb4b9.js.map,tests
next.js,turbopack/crates/turbopack-tests/tests/snapshot/css/css-modules/output/ba425_crates_turbopack-tests_tests_snapshot_css_css-modules_input_index_b380dab6.js,tests
next.js,turbopack/crates/turbopack-tests/tests/snapshot/css/css-modules/output/ba425_crates_turbopack-tests_tests_snapshot_css_css-modules_input_index_d09bb4b9.js,tests
next.js,turbopack/crates/turbopack-tests/tests/snapshot/css/css/output/ba425_crates_turbopack-tests_tests_snapshot_css_css_input_index_84500ad1.js,tests
next.js,turbopack/crates/turbopack-tests/tests/snapshot/css/css/output/ba425_crates_turbopack-tests_tests_snapshot_css_css_input_index_a00fc71c.js,tests
next.js,turbopack/crates/turbopack-tests/tests/snapshot/css/css/output/fa5f7_foo_style_css_d03f17ea._.js,tests
next.js,turbopack/crates/turbopack-tests/tests/snapshot/css/css/output/fa5f7_foo_style_css_d03f17ea._.js.map,tests
next.js,turbopack/crates/turbopack-tests/tests/snapshot/css/css/output/fa5f7_foo_style_css_d2639885._.js,tests
next.js,turbopack/crates/turbopack-tests/tests/snapshot/css/css/output/fa5f7_foo_style_css_d2639885._.js.map,tests
next.js,turbopack/crates/turbopack-tests/tests/snapshot/css/css/output/turbopack_crates_turbopack-tests_tests_snapshot_css_css_input_index_84500ad1.js.map,tests
next.js,turbopack/crates/turbopack-tests/tests/snapshot/css/css/output/turbopack_crates_turbopack-tests_tests_snapshot_css_css_input_index_a00fc71c.js.map,tests
next.js,turbopack/crates/turbopack-tests/tests/snapshot/css/cycle/output/ba425_crates_turbopack-tests_tests_snapshot_css_cycle_input_index_3511655c.js,tests
next.js,turbopack/crates/turbopack-tests/tests/snapshot/css/cycle/output/ba425_crates_turbopack-tests_tests_snapshot_css_cycle_input_index_a56a8289.js,tests
next.js,turbopack/crates/turbopack-tests/tests/snapshot/css/cycle/output/turbopack_crates_turbopack-tests_tests_snapshot_css_cycle_input_ba9e3ece._.js,tests
next.js,turbopack/crates/turbopack-tests/tests/snapshot/css/cycle/output/turbopack_crates_turbopack-tests_tests_snapshot_css_cycle_input_ba9e3ece._.js.map,tests
next.js,turbopack/crates/turbopack-tests/tests/snapshot/css/cycle/output/turbopack_crates_turbopack-tests_tests_snapshot_css_cycle_input_e4073522._.js,tests
next.js,turbopack/crates/turbopack-tests/tests/snapshot/css/cycle/output/turbopack_crates_turbopack-tests_tests_snapshot_css_cycle_input_e4073522._.js.map,tests
next.js,turbopack/crates/turbopack-tests/tests/snapshot/css/cycle/output/turbopack_crates_turbopack-tests_tests_snapshot_css_cycle_input_index_3511655c.js.map,tests
next.js,turbopack/crates/turbopack-tests/tests/snapshot/css/cycle/output/turbopack_crates_turbopack-tests_tests_snapshot_css_cycle_input_index_a56a8289.js.map,tests
next.js,turbopack/crates/turbopack-tests/tests/snapshot/css/cycle2/output/ba425_crates_turbopack-tests_tests_snapshot_css_cycle2_input_index_6af7b0bb.js,tests
next.js,turbopack/crates/turbopack-tests/tests/snapshot/css/cycle2/output/ba425_crates_turbopack-tests_tests_snapshot_css_cycle2_input_index_87f4def0.js,tests
next.js,turbopack/crates/turbopack-tests/tests/snapshot/css/cycle2/output/turbopack_crates_turbopack-tests_tests_snapshot_css_cycle2_input_1c88e7ae._.js,tests
next.js,turbopack/crates/turbopack-tests/tests/snapshot/css/cycle2/output/turbopack_crates_turbopack-tests_tests_snapshot_css_cycle2_input_1c88e7ae._.js.map,tests
next.js,turbopack/crates/turbopack-tests/tests/snapshot/css/cycle2/output/turbopack_crates_turbopack-tests_tests_snapshot_css_cycle2_input_20ecad7b._.js,tests
next.js,turbopack/crates/turbopack-tests/tests/snapshot/css/cycle2/output/turbopack_crates_turbopack-tests_tests_snapshot_css_cycle2_input_20ecad7b._.js.map,tests
next.js,turbopack/crates/turbopack-tests/tests/snapshot/css/cycle2/output/turbopack_crates_turbopack-tests_tests_snapshot_css_cycle2_input_index_6af7b0bb.js.map,tests
next.js,turbopack/crates/turbopack-tests/tests/snapshot/css/cycle2/output/turbopack_crates_turbopack-tests_tests_snapshot_css_cycle2_input_index_87f4def0.js.map,tests
next.js,turbopack/crates/turbopack-tests/tests/snapshot/css/embed-url/output/aaf3a_crates_turbopack-tests_tests_snapshot_css_embed-url_input_index_620c7650.js.map,tests
next.js,turbopack/crates/turbopack-tests/tests/snapshot/css/embed-url/output/aaf3a_crates_turbopack-tests_tests_snapshot_css_embed-url_input_index_d30f7118.js.map,tests
next.js,turbopack/crates/turbopack-tests/tests/snapshot/css/embed-url/output/ba425_crates_turbopack-tests_tests_snapshot_css_embed-url_input_index_620c7650.js,tests
next.js,turbopack/crates/turbopack-tests/tests/snapshot/css/embed-url/output/ba425_crates_turbopack-tests_tests_snapshot_css_embed-url_input_index_d30f7118.js,tests
next.js,turbopack/crates/turbopack-tests/tests/snapshot/css/embed-url/output/turbopack_crates_turbopack-tests_tests_snapshot_css_embed-url_input_eaa27ea2._.js,tests
next.js,turbopack/crates/turbopack-tests/tests/snapshot/css/embed-url/output/turbopack_crates_turbopack-tests_tests_snapshot_css_embed-url_input_eaa27ea2._.js.map,tests
next.js,turbopack/crates/turbopack-tests/tests/snapshot/css/embed-url/output/turbopack_crates_turbopack-tests_tests_snapshot_css_embed-url_input_ebde9406._.js,tests
next.js,turbopack/crates/turbopack-tests/tests/snapshot/css/embed-url/output/turbopack_crates_turbopack-tests_tests_snapshot_css_embed-url_input_ebde9406._.js.map,tests
next.js,turbopack/crates/turbopack-tests/tests/snapshot/css/split-shared/output/aaf3a_crates_turbopack-tests_tests_snapshot_css_split-shared_input_index_3acf0a91.js.map,tests
next.js,turbopack/crates/turbopack-tests/tests/snapshot/css/split-shared/output/aaf3a_crates_turbopack-tests_tests_snapshot_css_split-shared_input_index_a38a53ec.js.map,tests
next.js,turbopack/crates/turbopack-tests/tests/snapshot/css/split-shared/output/ba425_crates_turbopack-tests_tests_snapshot_css_split-shared_input_index_3acf0a91.js,tests
next.js,turbopack/crates/turbopack-tests/tests/snapshot/css/split-shared/output/ba425_crates_turbopack-tests_tests_snapshot_css_split-shared_input_index_a38a53ec.js,tests
next.js,turbopack/crates/turbopack-tests/tests/snapshot/css/split-shared/output/turbopack_crates_turbopack-tests_tests_snapshot_css_split-shared_input_943ac5d4._.js,tests
next.js,turbopack/crates/turbopack-tests/tests/snapshot/css/split-shared/output/turbopack_crates_turbopack-tests_tests_snapshot_css_split-shared_input_943ac5d4._.js.map,tests
next.js,turbopack/crates/turbopack-tests/tests/snapshot/css/split-shared/output/turbopack_crates_turbopack-tests_tests_snapshot_css_split-shared_input_cf8c479d._.js,tests
next.js,turbopack/crates/turbopack-tests/tests/snapshot/css/split-shared/output/turbopack_crates_turbopack-tests_tests_snapshot_css_split-shared_input_cf8c479d._.js.map,tests
next.js,turbopack/crates/turbopack-tests/tests/snapshot/debug-ids/browser/output/aaf3a_crates_turbopack-tests_tests_snapshot_debug-ids_browser_input_index_0151fefb.js.map,tests
next.js,turbopack/crates/turbopack-tests/tests/snapshot/debug-ids/browser/output/ba425_crates_turbopack-tests_tests_snapshot_debug-ids_browser_input_index_0151fefb.js,tests
next.js,turbopack/crates/turbopack-tests/tests/snapshot/debug-ids/node/options.json,tests
next.js,turbopack/crates/turbopack-tests/tests/snapshot/debug-ids/node/output/[turbopack]_runtime.js,tests
next.js,turbopack/crates/turbopack-tests/tests/snapshot/debug-ids/node/output/[turbopack]_runtime.js.map,tests
next.js,turbopack/crates/turbopack-tests/tests/snapshot/debug-ids/node/output/aaf3a_crates_turbopack-tests_tests_snapshot_debug-ids_node_input_index_b515b56f.js.map,tests
next.js,turbopack/crates/turbopack-tests/tests/snapshot/imports/dynamic/output/aaf3a_crates_turbopack-tests_tests_snapshot_imports_dynamic_input_index_1ae742ca.js.map,tests
next.js,turbopack/crates/turbopack-tests/tests/snapshot/imports/dynamic/output/aaf3a_crates_turbopack-tests_tests_snapshot_imports_dynamic_input_index_4840fdb4.js.map,tests
next.js,turbopack/crates/turbopack-tests/tests/snapshot/imports/dynamic/output/aaf3a_crates_turbopack-tests_tests_snapshot_imports_dynamic_input_vercel_mjs_0f7d99d7._.js,tests
next.js,turbopack/crates/turbopack-tests/tests/snapshot/imports/dynamic/output/aaf3a_crates_turbopack-tests_tests_snapshot_imports_dynamic_input_vercel_mjs_0f7d99d7._.js.map,tests
next.js,turbopack/crates/turbopack-tests/tests/snapshot/imports/dynamic/output/aaf3a_crates_turbopack-tests_tests_snapshot_imports_dynamic_input_vercel_mjs_52efbcfb._.js,tests
next.js,turbopack/crates/turbopack-tests/tests/snapshot/imports/dynamic/output/aaf3a_crates_turbopack-tests_tests_snapshot_imports_dynamic_input_vercel_mjs_52efbcfb._.js.map,tests
next.js,turbopack/crates/turbopack-tests/tests/snapshot/imports/dynamic/output/ba425_crates_turbopack-tests_tests_snapshot_imports_dynamic_input_index_1ae742ca.js,tests
next.js,turbopack/crates/turbopack-tests/tests/snapshot/imports/dynamic/output/ba425_crates_turbopack-tests_tests_snapshot_imports_dynamic_input_index_4840fdb4.js,tests
next.js,turbopack/crates/turbopack-tests/tests/snapshot/imports/ignore-comments/output/5c1d0_turbopack-tests_tests_snapshot_imports_ignore-comments_input_index_7f24fc74.js,tests
next.js,turbopack/crates/turbopack-tests/tests/snapshot/imports/ignore-comments/output/5c1d0_turbopack-tests_tests_snapshot_imports_ignore-comments_input_index_eb6d6c81.js,tests
next.js,turbopack/crates/turbopack-tests/tests/snapshot/imports/ignore-comments/output/780ce_turbopack-tests_tests_snapshot_imports_ignore-comments_input_index_7f24fc74.js.map,tests
next.js,turbopack/crates/turbopack-tests/tests/snapshot/imports/ignore-comments/output/780ce_turbopack-tests_tests_snapshot_imports_ignore-comments_input_index_eb6d6c81.js.map,tests
next.js,turbopack/crates/turbopack-tests/tests/snapshot/imports/ignore-comments/output/bf321_tests_snapshot_imports_ignore-comments_input_vercel_mjs_04ae8f6c._.js,tests
next.js,turbopack/crates/turbopack-tests/tests/snapshot/imports/ignore-comments/output/bf321_tests_snapshot_imports_ignore-comments_input_vercel_mjs_04ae8f6c._.js.map,tests
next.js,turbopack/crates/turbopack-tests/tests/snapshot/imports/ignore-comments/output/bf321_tests_snapshot_imports_ignore-comments_input_vercel_mjs_5c94a011._.js,tests
next.js,turbopack/crates/turbopack-tests/tests/snapshot/imports/ignore-comments/output/bf321_tests_snapshot_imports_ignore-comments_input_vercel_mjs_5c94a011._.js.map,tests
next.js,turbopack/crates/turbopack-tests/tests/snapshot/imports/static-and-dynamic/output/5c1d0_turbopack-tests_tests_snapshot_imports_static-and-dynamic_input_index_02cdd341.js,tests
next.js,turbopack/crates/turbopack-tests/tests/snapshot/imports/static-and-dynamic/output/5c1d0_turbopack-tests_tests_snapshot_imports_static-and-dynamic_input_index_f3478d87.js,tests
next.js,turbopack/crates/turbopack-tests/tests/snapshot/imports/static-and-dynamic/output/780ce_turbopack-tests_tests_snapshot_imports_static-and-dynamic_input_index_02cdd341.js.map,tests
next.js,turbopack/crates/turbopack-tests/tests/snapshot/imports/static-and-dynamic/output/780ce_turbopack-tests_tests_snapshot_imports_static-and-dynamic_input_index_f3478d87.js.map,tests
next.js,turbopack/crates/turbopack-tests/tests/snapshot/imports/static-and-dynamic/output/bf321_tests_snapshot_imports_static-and-dynamic_input_vercel_mjs_1caff75b._.js,tests
next.js,turbopack/crates/turbopack-tests/tests/snapshot/imports/static-and-dynamic/output/bf321_tests_snapshot_imports_static-and-dynamic_input_vercel_mjs_1caff75b._.js.map,tests
next.js,turbopack/crates/turbopack-tests/tests/snapshot/imports/static-and-dynamic/output/bf321_tests_snapshot_imports_static-and-dynamic_input_vercel_mjs_55c7080b._.js,tests
next.js,turbopack/crates/turbopack-tests/tests/snapshot/imports/static-and-dynamic/output/bf321_tests_snapshot_imports_static-and-dynamic_input_vercel_mjs_55c7080b._.js.map,tests
next.js,turbopack/crates/turbopack-tests/tests/snapshot/imports/static-and-dynamic/output/bf321_tests_snapshot_imports_static-and-dynamic_input_vercel_mjs_a3ebb76f._.js.map,tests
next.js,turbopack/crates/turbopack-tests/tests/snapshot/runtime/default_build_runtime/output/[turbopack]_runtime.js,tests
next.js,turbopack/crates/turbopack-tests/tests/snapshot/runtime/default_build_runtime/output/[turbopack]_runtime.js.map,tests
next.js,turbopack/crates/turbopack-tests/tests/snapshot/runtime/default_dev_runtime/output/5c1d0_turbopack-tests_tests_snapshot_runtime_default_dev_runtime_input_index_c0f7e0b0.js,tests
next.js,turbopack/crates/turbopack-tests/tests/snapshot/runtime/default_dev_runtime/output/780ce_turbopack-tests_tests_snapshot_runtime_default_dev_runtime_input_index_c0f7e0b0.js.map,tests
next.js,turbopack/crates/turbopack-tests/tests/snapshot/swc_transforms/preset_env/options.json,tests
next.js,turbopack/crates/turbopack-tests/tests/snapshot/swc_transforms/preset_env/output/5c1d0_turbopack-tests_tests_snapshot_swc_transforms_preset_env_input_index_5aaf1327.js,tests
next.js,turbopack/crates/turbopack-tests/tests/snapshot/swc_transforms/preset_env/output/780ce_turbopack-tests_tests_snapshot_swc_transforms_preset_env_input_index_5aaf1327.js.map,tests
next.js,turbopack/crates/turbopack-trace-server/Cargo.toml,deps
next.js,turbopack/crates/turbopack-tracing/benches/node_file_trace.rs,code
next.js,turbopack/crates/turbopack-tracing/tests/node-file-trace.rs,tests
next.js,turbopack/crates/turbopack-tracing/tests/node-file-trace/integration/pino.js,tests
next.js,turbopack/crates/turbopack-tracing/tests/node-file-trace/package.json,tests
next.js,turbopack/crates/turbopack-tracing/tests/node-file-trace/pnpm-lock.yaml,tests
next.js,turbopack/crates/turbopack-tracing/tests/unit.rs,tests
next.js,turbopack/crates/turbopack-wasm/src/module_asset.rs,code
next.js,turbopack/crates/turbopack-wasm/src/output_asset.rs,code
next.js,turbopack/crates/turbopack-wasm/src/raw.rs,code
next.js,turbopack/crates/turbopack/examples/turbopack.rs,code
next.js,turbopack/crates/turbopack/src/global_module_ids.rs,code
next.js,turbopack/crates/turbopack/src/graph/mod.rs,code
next.js,turbopack/crates/turbopack/src/lib.rs,code
next.js,turbopack/crates/turbopack/src/module_options/mod.rs,code
next.js,turbopack/crates/turbopack/src/module_options/module_options_context.rs,code
next.js,turbopack/crates/turbopack/src/module_options/rule_condition.rs,code
flask,.flake8,code
flask,.github/dependabot.yml,deps
flask,.github/workflows/lock.yaml,deps
flask,.github/workflows/publish.yaml,deps
flask,.github/workflows/tests.yaml,deps
flask,.gitignore,code
flask,.pre-commit-config.yaml,deps
flask,.readthedocs.yaml,deps
flask,CHANGES.rst,docs
flask,CONTRIBUTING.rst,docs
flask,artwork/LICENSE.rst,docs
flask,docs/_static/pycharm-run-config.png,docs
flask,docs/_static/pycharm-runconfig.png,docs
flask,docs/advanced_foreword.rst,docs
flask,docs/api.rst,docs
flask,docs/appcontext.rst,docs
flask,docs/async-await.rst,docs
flask,docs/becomingbig.rst,docs
flask,docs/cli.rst,docs
flask,docs/conf.py,docs
flask,docs/config.rst,docs
flask,docs/debugging.rst,docs
flask,docs/deploying/apache-httpd.rst,docs
flask,docs/deploying/asgi.rst,docs
flask,docs/deploying/cgi.rst,docs
flask,docs/deploying/eventlet.rst,docs
flask,docs/deploying/fastcgi.rst,docs
flask,docs/deploying/gevent.rst,docs
flask,docs/deploying/gunicorn.rst,docs
flask,docs/deploying/index.rst,docs
flask,docs/deploying/mod_wsgi.rst,docs
flask,docs/deploying/nginx.rst,docs
flask,docs/deploying/proxy_fix.rst,docs
flask,docs/deploying/uwsgi.rst,docs
flask,docs/deploying/waitress.rst,docs
flask,docs/deploying/wsgi-standalone.rst,docs
flask,docs/design.rst,docs
flask,docs/errorhandling.rst,docs
flask,docs/extensiondev.rst,docs
flask,docs/extensions.rst,docs
flask,docs/foreword.rst,docs
flask,docs/htmlfaq.rst,docs
flask,docs/index.rst,docs
flask,docs/installation.rst,docs
flask,docs/lifecycle.rst,docs
flask,docs/patterns/appdispatch.rst,docs
flask,docs/patterns/appfactories.rst,docs
flask,docs/patterns/celery.rst,docs
flask,docs/patterns/distribute.rst,docs
flask,docs/patterns/fabric.rst,docs
flask,docs/patterns/index.rst,docs
flask,docs/patterns/javascript.rst,docs
flask,docs/patterns/jquery.rst,docs
flask,docs/patterns/packages.rst,docs
flask,docs/patterns/sqlite3.rst,docs
flask,docs/patterns/streaming.rst,docs
flask,docs/patterns/wtforms.rst,docs
flask,docs/quickstart.rst,docs
flask,docs/reqcontext.rst,docs
flask,docs/security.rst,docs
flask,docs/server.rst,docs
flask,docs/shell.rst,docs
flask,docs/signals.rst,docs
flask,docs/templating.rst,docs
flask,docs/testing.rst,docs
flask,docs/tutorial/database.rst,docs
flask,docs/tutorial/deploy.rst,docs
flask,docs/tutorial/factory.rst,docs
flask,docs/tutorial/install.rst,docs
flask,docs/tutorial/layout.rst,docs
flask,docs/tutorial/tests.rst,docs
flask,docs/views.rst,docs
flask,examples/celery/README.md,docs
flask,examples/celery/make_celery.py,code
flask,examples/celery/pyproject.toml,deps
flask,examples/celery/requirements.txt,docs
flask,examples/celery/src/task_app/__init__.py,code
flask,examples/celery/src/task_app/tasks.py,code
flask,examples/celery/src/task_app/templates/index.html,code
flask,examples/celery/src/task_app/views.py,code
flask,examples/javascript/README.rst,docs
flask,examples/javascript/js_example/__init__.py,code
flask,examples/javascript/js_example/templates/base.html,code
flask,examples/javascript/js_example/templates/fetch.html,code
flask,examples/javascript/js_example/templates/xhr.html,code
flask,examples/javascript/js_example/views.py,code
flask,examples/javascript/setup.cfg,deps
flask,examples/javascript/tests/test_js_example.py,tests
flask,examples/tutorial/README.rst,docs
flask,examples/tutorial/flaskr/db.py,code
flask,examples/tutorial/tests/test_auth.py,tests
flask,examples/tutorial/tests/test_blog.py,tests
flask,requirements/build.in,deps
flask,requirements/build.txt,docs
flask,requirements/dev.in,deps
flask,requirements/dev.txt,docs
flask,requirements/docs.in,deps
flask,requirements/docs.txt,docs
flask,requirements/tests-pallets-dev.in,deps
flask,requirements/tests-pallets-dev.txt,docs
flask,requirements/tests-pallets-min.in,deps
flask,requirements/tests-pallets-min.txt,docs
flask,requirements/tests.in,deps
flask,requirements/tests.txt,docs
flask,requirements/typing.txt,docs
flask,setup.cfg,deps
flask,setup.py,deps
flask,src/flask/__init__.py,code
flask,src/flask/app.py,code
flask,src/flask/blueprints.py,code
flask,src/flask/cli.py,code
flask,src/flask/config.py,code
flask,src/flask/ctx.py,code
flask,src/flask/debughelpers.py,code
flask,src/flask/globals.py,code
flask,src/flask/helpers.py,code
flask,src/flask/json/__init__.py,code
flask,src/flask/json/provider.py,code
flask,src/flask/logging.py,code
flask,src/flask/scaffold.py,code
flask,src/flask/sessions.py,code
flask,src/flask/signals.py,code
flask,src/flask/templating.py,code
flask,src/flask/testing.py,code
flask,src/flask/typing.py,code
flask,src/flask/views.py,code
flask,src/flask/wrappers.py,code
flask,tests/conftest.py,tests
flask,tests/test_appctx.py,tests
flask,tests/test_apps/blueprintapp/__init__.py,tests
flask,tests/test_async.py,tests
flask,tests/test_basic.py,tests
flask,tests/test_blueprints.py,tests
flask,tests/test_cli.py,tests
flask,tests/test_config.py,tests
flask,tests/test_helpers.py,tests
flask,tests/test_instance_config.py,tests
flask,tests/test_json.py,tests
flask,tests/test_regression.py,tests
flask,tests/test_reqctx.py,tests
flask,tests/test_session_interface.py,tests
flask,tests/test_signals.py,tests
flask,tests/test_templating.py,tests
flask,tests/test_testing.py,tests
flask,tests/test_user_error_handler.py,tests
flask,tests/test_views.py,tests
flask,tests/typing/typing_app_decorators.py,tests
flask,tests/typing/typing_error_handler.py,tests
flask,tests/typing/typing_route.py,tests
flask,tox.ini,deps
